id,title,author,year,year_original,resource_type,description,url,topics,language,journal,publisher,doi,pages,volume,issue,edition,editors,source_urls,record_status,extra_fields
reference-597,Training Needs Assessment and Analysis: A Case of Malaysian Manufacturing Firms,habdullah,2009,2009,Journal article,,,Articles and Chapters,en,European Journal of Scientific Research,,,351–360,37,3,,,,Listing only,"{""author_0_family"": ""Abdullah"", ""author_0_given"": ""H."", ""author_1_family"": """", ""author_1_given"": """", ""author_2_family"": """", ""author_2_given"": """", ""author_3_family"": """", ""author_3_given"": """", ""author_4_family"": """", ""author_4_given"": """", ""doi"": """", ""edition"": """", ""editor_0_family"": """", ""editor_0_given"": """", ""editor_1_family"": """", ""editor_1_given"": """", ""id"": """", ""issue"": ""3"", ""issued_date_parts_0_0"": ""2009"", ""issued_date_parts_0_1"": """", ""journal"": ""European Journal of Scientific Research"", ""language"": ""en"", ""page"": ""351–360"", ""publisher"": """", ""publisher_place"": """", ""title"": ""Training Needs Assessment and Analysis: A Case of Malaysian Manufacturing Firms"", ""type"": ""article-journal"", ""url"": """", ""volume"": ""37""}"
reference-598,Community-based needs assessment in an urban area: A participatory action research project,ssaharishabibzadehmyousefifarnanirabdi,2012,2012,Journal article,,,Articles and Chapters,en,BMC Public Health,,,161–168,12,,,,,Listing only,"{""author_0_family"": ""Ahari"", ""author_0_given"": ""S.S."", ""author_1_family"": ""Habibzadeh"", ""author_1_given"": ""S."", ""author_2_family"": ""Yousefi"", ""author_2_given"": ""M."", ""author_3_family"": ""Arnani"", ""author_3_given"": ""F."", ""author_4_family"": ""Abdi"", ""author_4_given"": ""R."", ""doi"": """", ""edition"": """", ""editor_0_family"": """", ""editor_0_given"": """", ""editor_1_family"": """", ""editor_1_given"": """", ""id"": """", ""issue"": """", ""issued_date_parts_0_0"": ""2012"", ""issued_date_parts_0_1"": """", ""journal"": ""BMC Public Health"", ""language"": ""en"", ""page"": ""161–168"", ""publisher"": """", ""publisher_place"": """", ""title"": ""Community-based needs assessment in an urban area: A participatory action research project"", ""type"": ""article-journal"", ""url"": """", ""volume"": ""12""}"
reference-599,Training and development needs assessment: a practical model for partner institutes,ridhaalkhayyat,1998,1998,Journal article,,https://doi.org/10.1108/03090599810197658,Articles and Chapters,en,Journal of European Industrial Training,,https://doi.org/10.1108/03090599810197658,18–27,22,1,,,,Reference details recovered,"{""author_0_family"": ""Al-Khayyat"", ""author_0_given"": ""Ridha"", ""author_1_family"": """", ""author_1_given"": """", ""author_2_family"": """", ""author_2_given"": """", ""author_3_family"": """", ""author_3_given"": """", ""author_4_family"": """", ""author_4_given"": """", ""doi"": """", ""edition"": """", ""editor_0_family"": """", ""editor_0_given"": """", ""editor_1_family"": """", ""editor_1_given"": """", ""id"": """", ""issue"": ""1"", ""issued_date_parts_0_0"": ""1998"", ""issued_date_parts_0_1"": """", ""journal"": ""Journal of European Industrial Training"", ""language"": ""en"", ""page"": ""18–27"", ""publisher"": """", ""publisher_place"": """", ""title"": ""Training and development needs assessment: a practical model for partner institutes"", ""type"": ""article-journal"", ""url"": """", ""volume"": ""22""}"
reference-655,Needs Assessment,jwaltschuld,2015,2015,Chapter,,,Articles and Chapters,en,International Encyclopedia of the Social & Behavioral Sciences,,,402–408,16,4,Second,Wright James D.,,Reference details recovered,"{""author_0_family"": ""Altschuld"", ""author_0_given"": ""J.W."", ""author_1_family"": """", ""author_1_given"": """", ""author_2_family"": """", ""author_2_given"": """", ""author_3_family"": """", ""author_3_given"": """", ""author_4_family"": """", ""author_4_given"": """", ""doi"": """", ""edition"": ""Second"", ""editor_0_family"": ""James D."", ""editor_0_given"": ""Wright"", ""editor_1_family"": """", ""editor_1_given"": """", ""id"": """", ""issue"": """", ""issued_date_parts_0_0"": ""2015"", ""issued_date_parts_0_1"": """", ""journal"": ""International Encyclopedia of the Social & Behavioral Sciences"", ""language"": ""en"", ""page"": ""402–408"", ""publisher"": """", ""publisher_place"": """", ""title"": ""Needs Assessment"", ""type"": ""chapter"", ""url"": """", ""volume"": ""16""}"
reference-601,Needs assessment and asset/capacity building: A promising development in practice,jwaltschuldhlhungyflee,2014,2014,Journal article,,https://doi.org/10.1002/ev.20105,Articles and Chapters,en,New Directions for Evaluation,,https://doi.org/10.1002/ev.20105,89–103,144,,,Altschuld J.W.; R. Watkins,,Reference details recovered,"{""author_0_family"": ""Altschuld"", ""author_0_given"": ""J.W."", ""author_1_family"": ""Hung"", ""author_1_given"": ""H.-L."", ""author_2_family"": ""Lee"", ""author_2_given"": ""Y.-F."", ""author_3_family"": """", ""author_3_given"": """", ""author_4_family"": """", ""author_4_given"": """", ""doi"": """", ""edition"": """", ""editor_0_family"": ""J.W."", ""editor_0_given"": ""Altschuld"", ""editor_1_family"": ""Watkins"", ""editor_1_given"": ""R."", ""id"": """", ""issue"": """", ""issued_date_parts_0_0"": ""2014"", ""issued_date_parts_0_1"": """", ""journal"": ""New Directions for Evaluation"", ""language"": ""en"", ""page"": ""89–103"", ""publisher"": """", ""publisher_place"": """", ""title"": ""Needs assessment and asset/capacity building: A promising development in practice"", ""type"": ""article-journal"", ""url"": """", ""volume"": ""144""}"
reference-602,Needs assessment and education,jwaltschuldtllepicki,2009,2009,Book,,,Books,fr,,"Ed.), Encyclopedia of Evaluation.  Sage Publications",,,,,,Mathison S.,,Reference details recovered,"{""author_0_family"": ""Altschuld"", ""author_0_given"": ""J.W."", ""author_1_family"": ""Lepicki"", ""author_1_given"": ""T.L."", ""author_2_family"": """", ""author_2_given"": """", ""author_3_family"": """", ""author_3_given"": """", ""author_4_family"": """", ""author_4_given"": """", ""doi"": """", ""edition"": """", ""editor_0_family"": ""S."", ""editor_0_given"": ""Mathison"", ""editor_1_family"": """", ""editor_1_given"": """", ""id"": """", ""issue"": """", ""issued_date_parts_0_0"": ""2009"", ""issued_date_parts_0_1"": """", ""journal"": """", ""language"": ""fr"", ""page"": """", ""publisher"": ""Ed.), Encyclopedia of Evaluation.  Sage Publications"", ""publisher_place"": ""Thousand Oaks, CA"", ""title"": ""Needs assessment and education"", ""type"": ""book"", ""url"": """", ""volume"": """"}"
reference-clean-001,Needs Assessment in Human Performance Interventions,jwaltschuldtllepicki,2010,2010,Chapter,,,Articles and Chapters,en,Handbook for the Selection and Implementation of Human Performance Interventions,"Wiley (Jossey-Bass) and Silver Spring, MD:International Society for Performance Improvement",,,,,,Watkins R.; D. Leigh,,Catalog record,"{""author_0_family"": ""Altschuld"", ""author_0_given"": ""J.W."", ""author_1_family"": ""Lepicki"", ""author_1_given"": ""T.L."", ""author_2_family"": """", ""author_2_given"": """", ""author_3_family"": """", ""author_3_given"": """", ""author_4_family"": """", ""author_4_given"": """", ""doi"": """", ""edition"": """", ""editor_0_family"": ""R."", ""editor_0_given"": ""Watkins"", ""editor_1_family"": ""Leigh"", ""editor_1_given"": ""D."", ""id"": """", ""issue"": """", ""issued_date_parts_0_0"": ""2010"", ""issued_date_parts_0_1"": """", ""journal"": ""Handbook for the Selection and Implementation of Human Performance Interventions"", ""language"": ""en"", ""page"": """", ""publisher"": ""Wiley (Jossey-Bass) and Silver Spring, MD:International Society for Performance Improvement"", ""publisher_place"": ""San Francisco"", ""title"": ""Needs Assessment in Human Performance Interventions"", ""type"": ""chapter"", ""url"": """", ""volume"": """"}"
reference-604,Fault tree analysis,jwaltschuld,2004,2004,Book,,,Books,en,,"Ed.), Encyclopedia of Evaluation.  Sage Publications",,,,,,Mathison S.,,Reference details recovered,"{""author_0_family"": ""Altschuld"", ""author_0_given"": ""J.W."", ""author_1_family"": """", ""author_1_given"": """", ""author_2_family"": """", ""author_2_given"": """", ""author_3_family"": """", ""author_3_given"": """", ""author_4_family"": """", ""author_4_given"": """", ""doi"": """", ""edition"": """", ""editor_0_family"": ""S."", ""editor_0_given"": ""Mathison"", ""editor_1_family"": """", ""editor_1_given"": """", ""id"": """", ""issue"": """", ""issued_date_parts_0_0"": ""2004"", ""issued_date_parts_0_1"": """", ""journal"": """", ""language"": ""en"", ""page"": """", ""publisher"": ""Ed.), Encyclopedia of Evaluation.  Sage Publications"", ""publisher_place"": ""Thousand Oaks, CA"", ""title"": ""Fault tree analysis"", ""type"": ""book"", ""url"": """", ""volume"": """"}"
reference-clean-002,Emerging dimensions of needs assessment.  Performance Improvement,jwaltschuld,2003,2003,Catalog record,,,Articles and Chapters,en,,,,10–15,,,,,,Catalog record,"{""author_0_family"": ""Altschuld"", ""author_0_given"": ""J.W."", ""author_1_family"": """", ""author_1_given"": """", ""author_2_family"": """", ""author_2_given"": """", ""author_3_family"": """", ""author_3_given"": """", ""author_4_family"": """", ""author_4_given"": """", ""doi"": """", ""edition"": """", ""editor_0_family"": """", ""editor_0_given"": """", ""editor_1_family"": """", ""editor_1_given"": """", ""id"": """", ""issue"": """", ""issued_date_parts_0_0"": ""2003"", ""issued_date_parts_0_1"": ""1"", ""journal"": """", ""language"": ""en"", ""page"": ""10–15"", ""publisher"": """", ""publisher_place"": """", ""title"": ""Emerging dimensions of needs assessment.  Performance Improvement"", ""type"": """", ""url"": """", ""volume"": """"}"
reference-606,Needs assessment,jwaltschuldddkumar,2004,2004,Book,,,Books,fr,,"Ed.), Encyclopedia of Evaluation.  Sage Publications",,,,,,Mathison S.,,Reference details recovered,"{""author_0_family"": ""Altschuld"", ""author_0_given"": ""J.W."", ""author_1_family"": ""Kumar"", ""author_1_given"": ""D.D."", ""author_2_family"": """", ""author_2_given"": """", ""author_3_family"": """", ""author_3_given"": """", ""author_4_family"": """", ""author_4_given"": """", ""doi"": """", ""edition"": """", ""editor_0_family"": ""S."", ""editor_0_given"": ""Mathison"", ""editor_1_family"": """", ""editor_1_given"": """", ""id"": """", ""issue"": """", ""issued_date_parts_0_0"": ""2004"", ""issued_date_parts_0_1"": """", ""journal"": """", ""language"": ""fr"", ""page"": """", ""publisher"": ""Ed.), Encyclopedia of Evaluation.  Sage Publications"", ""publisher_place"": ""Thousand Oaks, CA"", ""title"": ""Needs assessment"", ""type"": ""book"", ""url"": """", ""volume"": """"}"
reference-clean-003,Review of Assessing Needs in Educational and Social Programs.,jwaltschuld,1986,1986,Journal article,,,Articles and Chapters,en,Educational and Communications Technology Journal,,,297–299,33,4,,,,Catalog record,"{""author_0_family"": ""Altschuld"", ""author_0_given"": ""J.W."", ""author_1_family"": """", ""author_1_given"": """", ""author_2_family"": """", ""author_2_given"": """", ""author_3_family"": """", ""author_3_given"": """", ""author_4_family"": """", ""author_4_given"": """", ""doi"": """", ""edition"": """", ""editor_0_family"": """", ""editor_0_given"": """", ""editor_1_family"": """", ""editor_1_given"": """", ""id"": """", ""issue"": ""4"", ""issued_date_parts_0_0"": ""1986"", ""issued_date_parts_0_1"": """", ""journal"": ""Educational and Communications Technology Journal"", ""language"": ""en"", ""page"": ""297–299"", ""publisher"": """", ""publisher_place"": """", ""title"": ""Review of Assessing Needs in Educational and Social Programs.  "", ""type"": ""article-journal"", ""url"": """", ""volume"": ""33""}"
reference-608,A primer on needs assessment: More than 40 years of research and practice,jwaltschuldrwatkins,2014,2014,Journal article,,,Articles and Chapters,en,New Directions for Evaluation,,,5–18,144,,,Altschuld J.W.; R. Watkins,,Listing only,"{""author_0_family"": ""Altschuld"", ""author_0_given"": ""J.W."", ""author_1_family"": ""Watkins"", ""author_1_given"": ""R."", ""author_2_family"": """", ""author_2_given"": """", ""author_3_family"": """", ""author_3_given"": """", ""author_4_family"": """", ""author_4_given"": """", ""doi"": """", ""edition"": """", ""editor_0_family"": ""J.W."", ""editor_0_given"": ""Altschuld"", ""editor_1_family"": ""Watkins"", ""editor_1_given"": ""R."", ""id"": """", ""issue"": """", ""issued_date_parts_0_0"": ""2014"", ""issued_date_parts_0_1"": """", ""journal"": ""New Directions for Evaluation"", ""language"": ""en"", ""page"": ""5–18"", ""publisher"": """", ""publisher_place"": """", ""title"": ""A primer on needs assessment: More than 40 years of research and practice"", ""type"": ""article-journal"", ""url"": """", ""volume"": ""144""}"
reference-clean-004,"Training needs assessment, evaluation, success, and organizational strategy and effectiveness: An exploration of the relationships",janderson,2000,2000,Thesis,,,Articles and Chapters,et,,UMI Dissertations Publishing,,,,,,,,Catalog record,"{""author_0_family"": ""Anderson"", ""author_0_given"": ""J."", ""author_1_family"": """", ""author_1_given"": """", ""author_2_family"": """", ""author_2_given"": """", ""author_3_family"": """", ""author_3_given"": """", ""author_4_family"": """", ""author_4_given"": """", ""doi"": """", ""edition"": """", ""editor_0_family"": """", ""editor_0_given"": """", ""editor_1_family"": """", ""editor_1_given"": """", ""id"": """", ""issue"": """", ""issued_date_parts_0_0"": ""2000"", ""issued_date_parts_0_1"": """", ""journal"": """", ""language"": ""et"", ""page"": """", ""publisher"": ""UMI Dissertations Publishing"", ""publisher_place"": """", ""title"": ""Training needs assessment, evaluation, success, and organizational strategy and effectiveness: An exploration of the relationships"", ""type"": ""thesis"", ""url"": """", ""volume"": """"}"
reference-clean-005,A proactive model for training needs analysis. Journal of European Industrial Training,ganderson,1994,1994,Catalog record,,,Articles and Chapters,en,,,,23–28,18,3,,,,Catalog record,"{""author_0_family"": ""Anderson"", ""author_0_given"": ""G."", ""author_1_family"": """", ""author_1_given"": """", ""author_2_family"": """", ""author_2_given"": """", ""author_3_family"": """", ""author_3_given"": """", ""author_4_family"": """", ""author_4_given"": """", ""doi"": """", ""edition"": """", ""editor_0_family"": """", ""editor_0_given"": """", ""editor_1_family"": """", ""editor_1_given"": """", ""id"": """", ""issue"": ""3"", ""issued_date_parts_0_0"": ""1994"", ""issued_date_parts_0_1"": """", ""journal"": """", ""language"": ""en"", ""page"": ""23–28"", ""publisher"": """", ""publisher_place"": """", ""title"": ""A proactive model for training needs analysis. Journal of European Industrial Training"", ""type"": """", ""url"": """", ""volume"": ""18""}"
reference-611,The myth of meeting needs in adult education and community development,armstrongp,1982,1982,Journal article,,https://doi.org/10.1177/026101838200200507,Articles and Chapters,en,Critical Social Policy,,https://doi.org/10.1177/026101838200200507,24–37,2,5,,,,Reference details recovered,"{""author_0_family"": ""P"", ""author_0_given"": ""Armstrong"", ""author_1_family"": """", ""author_1_given"": """", ""author_2_family"": """", ""author_2_given"": """", ""author_3_family"": """", ""author_3_given"": """", ""author_4_family"": """", ""author_4_given"": """", ""doi"": """", ""edition"": """", ""editor_0_family"": """", ""editor_0_given"": """", ""editor_1_family"": """", ""editor_1_given"": """", ""id"": """", ""issue"": ""5"", ""issued_date_parts_0_0"": ""1982"", ""issued_date_parts_0_1"": """", ""journal"": ""Critical Social Policy"", ""language"": ""en"", ""page"": ""24–37"", ""publisher"": """", ""publisher_place"": """", ""title"": ""The myth of meeting needs in adult education and community development"", ""type"": ""article-journal"", ""url"": """", ""volume"": ""2""}"
reference-612,Effectiveness of Training in Organizations: A Meta-analysis of Design and,Arthur,2003,2003,Journal article,,,Articles and Chapters,en,"Evaluation Features, Journal of Applied Psychology",,,234–245,88,,,,,Listing only,"{""author_0_family"": """", ""author_0_given"": """", ""author_1_family"": """", ""author_1_given"": """", ""author_2_family"": """", ""author_2_given"": """", ""author_3_family"": """", ""author_3_given"": """", ""author_4_family"": """", ""author_4_given"": """", ""doi"": """", ""edition"": """", ""editor_0_family"": """", ""editor_0_given"": """", ""editor_1_family"": """", ""editor_1_given"": """", ""id"": """", ""issue"": """", ""issued_date_parts_0_0"": ""2003"", ""issued_date_parts_0_1"": """", ""journal"": ""Evaluation Features, Journal of Applied Psychology"", ""language"": ""en"", ""page"": ""234–245"", ""publisher"": """", ""publisher_place"": """", ""title"": ""Effectiveness of Training in Organizations: A Meta-analysis of Design and"", ""type"": ""article-journal"", ""url"": """", ""volume"": ""88""}"
reference-613,Meeting needs assessment challenges: Applying the performance pyramid in the U.S,lmbarkersteegermmarrakjones,2012,2012,Journal article,,,Articles and Chapters,en,Army. Perf. Improv,,,32–41,51,,,,,Listing only,"{""author_0_family"": ""Barker Steege"", ""author_0_given"": ""L.M."", ""author_1_family"": ""Marra"", ""author_1_given"": ""R.M."", ""author_2_family"": ""Jones"", ""author_2_given"": ""K."", ""author_3_family"": """", ""author_3_given"": """", ""author_4_family"": """", ""author_4_given"": """", ""doi"": """", ""edition"": """", ""editor_0_family"": """", ""editor_0_given"": """", ""editor_1_family"": """", ""editor_1_given"": """", ""id"": """", ""issue"": """", ""issued_date_parts_0_0"": ""2012"", ""issued_date_parts_0_1"": """", ""journal"": ""Army. Perf. Improv"", ""language"": ""en"", ""page"": ""32–41"", ""publisher"": """", ""publisher_place"": """", ""title"": ""Meeting needs assessment challenges: Applying the performance pyramid in the U.S"", ""type"": ""article-journal"", ""url"": """", ""volume"": ""51""}"
reference-clean-006,Needs Assessment as a Change Strategy: A case study. Performance Improvement,abednar,1988,1988,Catalog record,,,Articles and Chapters,en,,,,31–39,1,2,,,,Catalog record,"{""author_0_family"": ""Bednar"", ""author_0_given"": ""A."", ""author_1_family"": """", ""author_1_given"": """", ""author_2_family"": """", ""author_2_given"": """", ""author_3_family"": """", ""author_3_given"": """", ""author_4_family"": """", ""author_4_given"": """", ""doi"": """", ""edition"": """", ""editor_0_family"": """", ""editor_0_given"": """", ""editor_1_family"": """", ""editor_1_given"": """", ""id"": """", ""issue"": ""2"", ""issued_date_parts_0_0"": ""1988"", ""issued_date_parts_0_1"": """", ""journal"": """", ""language"": ""en"", ""page"": ""31–39"", ""publisher"": """", ""publisher_place"": """", ""title"": ""Needs Assessment as a Change Strategy: A case study. Performance Improvement"", ""type"": """", ""url"": """", ""volume"": ""1""}"
reference-615,A consortium approach to community needs assessment: A case study and principles for practice and education,tbenderjmcnuttepurdy,1993,1993,Journal article,,,Articles and Chapters,en,American Journal of Evaluation,,,149–153,14,2,,,,Listing only,"{""author_0_family"": ""Bender"", ""author_0_given"": ""T."", ""author_1_family"": ""McNutt"", ""author_1_given"": ""J."", ""author_2_family"": ""Purdy"", ""author_2_given"": ""E."", ""author_3_family"": """", ""author_3_given"": """", ""author_4_family"": """", ""author_4_given"": """", ""doi"": """", ""edition"": """", ""editor_0_family"": """", ""editor_0_given"": """", ""editor_1_family"": """", ""editor_1_given"": """", ""id"": """", ""issue"": ""2"", ""issued_date_parts_0_0"": ""1993"", ""issued_date_parts_0_1"": """", ""journal"": ""American Journal of Evaluation"", ""language"": ""en"", ""page"": ""149–153"", ""publisher"": """", ""publisher_place"": """", ""title"": ""A consortium approach to community needs assessment: A case study and principles for practice and education"", ""type"": ""article-journal"", ""url"": """", ""volume"": ""14""}"
reference-616,A closer look at needs analysis and needs assessment: Whatever happened to the systems approach?,sbenjamin,1989,1989,Journal article,,,Articles and Chapters,en,Performance and Instruction,,,12–16,28,9,,,,Listing only,"{""author_0_family"": ""Benjamin"", ""author_0_given"": ""S."", ""author_1_family"": """", ""author_1_given"": """", ""author_2_family"": """", ""author_2_given"": """", ""author_3_family"": """", ""author_3_given"": """", ""author_4_family"": """", ""author_4_given"": """", ""doi"": """", ""edition"": """", ""editor_0_family"": """", ""editor_0_given"": """", ""editor_1_family"": """", ""editor_1_given"": """", ""id"": """", ""issue"": ""9"", ""issued_date_parts_0_0"": ""1989"", ""issued_date_parts_0_1"": """", ""journal"": ""Performance and Instruction"", ""language"": ""en"", ""page"": ""12–16"", ""publisher"": """", ""publisher_place"": """", ""title"": ""A closer look at needs analysis and needs assessment: Whatever happened to the systems approach?"", ""type"": ""article-journal"", ""url"": """", ""volume"": ""28""}"
reference-617,The role of needs assessment in the design of employee assistance programs,psbermanlsulskykpargamentwkbalzerdkausch,1991,1991,Journal article,,,Articles and Chapters,en,A case study. Employee Assistance Quarterly,,,21–35,6,3,,,,Listing only,"{""author_0_family"": ""Berman"", ""author_0_given"": ""P.S."", ""author_1_family"": ""Sulsky"", ""author_1_given"": ""L."", ""author_2_family"": ""Pargament"", ""author_2_given"": ""K."", ""author_3_family"": ""Balzer"", ""author_3_given"": ""W.K."", ""author_4_family"": ""Kausch"", ""author_4_given"": ""D."", ""doi"": """", ""edition"": """", ""editor_0_family"": """", ""editor_0_given"": """", ""editor_1_family"": """", ""editor_1_given"": """", ""id"": """", ""issue"": ""3"", ""issued_date_parts_0_0"": ""1991"", ""issued_date_parts_0_1"": """", ""journal"": ""A case study. Employee Assistance Quarterly"", ""language"": ""en"", ""page"": ""21–35"", ""publisher"": """", ""publisher_place"": """", ""title"": ""The role of needs assessment in the design of employee assistance programs"", ""type"": ""article-journal"", ""url"": """", ""volume"": ""6""}"
reference-899,Approaches to community needs assessments: A literature review,jrbillingsscowley,1995,1995,Journal article,,,Articles and Chapters,en,Journal of Advanced Nursing,,,721–739,22,,,,,Listing only,"{""author_0_family"": ""Billings"", ""author_0_given"": ""J.R."", ""author_1_family"": ""Cowley"", ""author_1_given"": ""S."", ""author_2_family"": """", ""author_2_given"": """", ""author_3_family"": """", ""author_3_given"": """", ""author_4_family"": """", ""author_4_given"": """", ""doi"": """", ""edition"": """", ""editor_0_family"": """", ""editor_0_given"": """", ""editor_1_family"": """", ""editor_1_given"": """", ""id"": """", ""issue"": """", ""issued_date_parts_0_0"": ""1995"", ""issued_date_parts_0_1"": """", ""journal"": ""Journal of Advanced Nursing"", ""language"": ""en"", ""page"": ""721–739"", ""publisher"": """", ""publisher_place"": """", ""title"": ""Approaches to community needs assessments: A literature review"", ""type"": ""article-journal"", ""url"": """", ""volume"": ""22""}"
reference-960,"Basic human needs: abstraction, indeterminacy and the political account of need.",gboss,2021,2021,Journal article,,https://doi.org/10.1080/13698230.2021.1880199,Articles and Chapters,en,Critical Review of International Social and Political Philosophy,,https://doi.org/10.1080/13698230.2021.1880199,1-23,,,,,,Reference details recovered,"{""author_0_family"": ""Boss"", ""author_0_given"": ""G."", ""author_1_family"": """", ""author_1_given"": """", ""author_2_family"": """", ""author_2_given"": """", ""author_3_family"": """", ""author_3_given"": """", ""author_4_family"": """", ""author_4_given"": """", ""doi"": ""https://doi.org/10.1080/13698230.2021.1880199"", ""edition"": """", ""editor_0_family"": """", ""editor_0_given"": """", ""editor_1_family"": """", ""editor_1_given"": """", ""id"": """", ""issue"": """", ""issued_date_parts_0_0"": ""2021"", ""issued_date_parts_0_1"": """", ""journal"": ""Critical Review of International Social and Political Philosophy"", ""language"": ""en"", ""page"": """", ""publisher"": """", ""publisher_place"": """", ""title"": ""Basic human needs: abstraction, indeterminacy and the political account of need."", ""type"": """", ""url"": """", ""volume"": """"}"
reference-900,"Analyzing communication sequences for team training needs assessment""",cabowersfjentschesalasccbraun,1998,1998,Journal article,,https://doi.org/10.1518/001872098779649265,Articles and Chapters,fr,Human Factors,,https://doi.org/10.1518/001872098779649265,672–9,40,4,,,,Reference details recovered,"{""author_0_family"": ""Bowers"", ""author_0_given"": ""C.A."", ""author_1_family"": ""Jentsch"", ""author_1_given"": ""F."", ""author_2_family"": ""Salas"", ""author_2_given"": ""E."", ""author_3_family"": ""Braun"", ""author_3_given"": ""C.C."", ""author_4_family"": """", ""author_4_given"": """", ""doi"": """", ""edition"": """", ""editor_0_family"": """", ""editor_0_given"": """", ""editor_1_family"": """", ""editor_1_given"": """", ""id"": """", ""issue"": ""4"", ""issued_date_parts_0_0"": ""1998"", ""issued_date_parts_0_1"": """", ""journal"": ""Human Factors"", ""language"": ""fr"", ""page"": ""672–9"", ""publisher"": """", ""publisher_place"": """", ""title"": ""Analyzing communication sequences for team training needs assessment\"""", ""type"": ""article-journal"", ""url"": """", ""volume"": ""40""}"
reference-901,"Different roles, different perspectives: perceptions about the purpose of training needs analysis Bowman",jbowmanjwilson,2008,2008,Journal article,,https://doi.org/10.1108/00197850810841639,Articles and Chapters,en,Industrial and Commercial Training,,https://doi.org/10.1108/00197850810841639,38–41,40. 1,,,,,Reference details recovered,"{""author_0_family"": ""Bowman"", ""author_0_given"": ""J."", ""author_1_family"": ""Wilson"", ""author_1_given"": ""J."", ""author_2_family"": """", ""author_2_given"": """", ""author_3_family"": """", ""author_3_given"": """", ""author_4_family"": """", ""author_4_given"": """", ""doi"": """", ""edition"": """", ""editor_0_family"": """", ""editor_0_given"": """", ""editor_1_family"": """", ""editor_1_given"": """", ""id"": """", ""issue"": """", ""issued_date_parts_0_0"": ""2008"", ""issued_date_parts_0_1"": """", ""journal"": ""Industrial and Commercial Training"", ""language"": ""en"", ""page"": ""38–41"", ""publisher"": """", ""publisher_place"": """", ""title"": ""Different roles, different perspectives: perceptions about the purpose of training needs analysis Bowman"", ""type"": ""article-journal"", ""url"": """", ""volume"": ""40. 1""}"
reference-621,The concept of social need,jbradshaw,1972,1972,Journal article,,https://doi.org/10.1007/978-3-319-94028-1_13,Articles and Chapters,en,New Society,,https://doi.org/10.1007/978-3-319-94028-1_13,640–643,"19, 496",,,,,Reference details recovered,"{""author_0_family"": ""Bradshaw"", ""author_0_given"": ""J."", ""author_1_family"": """", ""author_1_given"": """", ""author_2_family"": """", ""author_2_given"": """", ""author_3_family"": """", ""author_3_given"": """", ""author_4_family"": """", ""author_4_given"": """", ""doi"": """", ""edition"": """", ""editor_0_family"": """", ""editor_0_given"": """", ""editor_1_family"": """", ""editor_1_given"": """", ""id"": """", ""issue"": """", ""issued_date_parts_0_0"": ""1972"", ""issued_date_parts_0_1"": """", ""journal"": ""New Society"", ""language"": ""en"", ""page"": ""640–643"", ""publisher"": """", ""publisher_place"": """", ""title"": ""The concept of social need"", ""type"": ""article-journal"", ""url"": """", ""volume"": ""19, 496""}"
reference-622,The Concept of Social Need,jbradshaw,1977,1977,Book,,,Books,en,,Prentice Hall,,,,,,Gilbert N.; Specht,,Reference details recovered,"{""author_0_family"": ""Bradshaw"", ""author_0_given"": ""J."", ""author_1_family"": """", ""author_1_given"": """", ""author_2_family"": """", ""author_2_given"": """", ""author_3_family"": """", ""author_3_given"": """", ""author_4_family"": """", ""author_4_given"": """", ""doi"": """", ""edition"": """", ""editor_0_family"": ""N."", ""editor_0_given"": ""Gilbert"", ""editor_1_family"": """", ""editor_1_given"": ""Specht"", ""id"": """", ""issue"": """", ""issued_date_parts_0_0"": ""1977"", ""issued_date_parts_0_1"": """", ""journal"": """", ""language"": ""en"", ""page"": """", ""publisher"": ""Prentice Hall"", ""publisher_place"": ""Engelwood Cliffs, NJ"", ""title"": ""The Concept of Social Need"", ""type"": ""book"", ""url"": """", ""volume"": """"}"
reference-623,A theoretical framework of training needs analysis for African para-medical personnel through distance education,dbraimoh,1994,1994,Journal article,,,Articles and Chapters,en,Studies in Educational Evaluation,,,265–277,20,2,,,,Listing only,"{""author_0_family"": ""Braimoh"", ""author_0_given"": ""D."", ""author_1_family"": """", ""author_1_given"": """", ""author_2_family"": """", ""author_2_given"": """", ""author_3_family"": """", ""author_3_given"": """", ""author_4_family"": """", ""author_4_given"": """", ""doi"": """", ""edition"": """", ""editor_0_family"": """", ""editor_0_given"": """", ""editor_1_family"": """", ""editor_1_given"": """", ""id"": """", ""issue"": ""2"", ""issued_date_parts_0_0"": ""1994"", ""issued_date_parts_0_1"": """", ""journal"": ""Studies in Educational Evaluation"", ""language"": ""en"", ""page"": ""265–277"", ""publisher"": """", ""publisher_place"": """", ""title"": ""A theoretical framework of training needs analysis for African para-medical personnel through distance education"", ""type"": ""article-journal"", ""url"": """", ""volume"": ""20""}"
reference-624,Rapid analysis: Matching Solutions to Changing Situations,dbrethower,1997,1997,Journal article,,https://doi.org/10.1002/pfi.4140361006,Articles and Chapters,en,Performance Improvement,,https://doi.org/10.1002/pfi.4140361006,16–21,36,10,,,,Reference details recovered,"{""author_0_family"": ""Brethower"", ""author_0_given"": ""D."", ""author_1_family"": """", ""author_1_given"": """", ""author_2_family"": """", ""author_2_given"": """", ""author_3_family"": """", ""author_3_given"": """", ""author_4_family"": """", ""author_4_given"": """", ""doi"": """", ""edition"": """", ""editor_0_family"": """", ""editor_0_given"": """", ""editor_1_family"": """", ""editor_1_given"": """", ""id"": """", ""issue"": ""10"", ""issued_date_parts_0_0"": ""1997"", ""issued_date_parts_0_1"": """", ""journal"": ""Performance Improvement"", ""language"": ""en"", ""page"": ""16–21"", ""publisher"": """", ""publisher_place"": """", ""title"": ""Rapid analysis: Matching Solutions to Changing Situations"", ""type"": ""article-journal"", ""url"": """", ""volume"": ""36""}"
reference-clean-007,Expanding Needs Analysis.,rbrinkerhoff,1986,1986,Journal article,,,Articles and Chapters,nl,Training and Development Journal,,,64–65,40,,,,,Catalog record,"{""author_0_family"": ""Brinkerhoff"", ""author_0_given"": ""R."", ""author_1_family"": """", ""author_1_given"": """", ""author_2_family"": """", ""author_2_given"": """", ""author_3_family"": """", ""author_3_given"": """", ""author_4_family"": """", ""author_4_given"": """", ""doi"": """", ""edition"": """", ""editor_0_family"": """", ""editor_0_given"": """", ""editor_1_family"": """", ""editor_1_given"": """", ""id"": """", ""issue"": """", ""issued_date_parts_0_0"": ""1986"", ""issued_date_parts_0_1"": """", ""journal"": ""Training and Development Journal"", ""language"": ""nl"", ""page"": ""64–65"", ""publisher"": """", ""publisher_place"": """", ""title"": ""Expanding Needs Analysis. "", ""type"": ""article-journal"", ""url"": """", ""volume"": ""40""}"
reference-clean-008,An iterative needs assessment/evaluation model for a Japanese university English-language program,kbrown,2009,2009,Thesis,,,Articles and Chapters,en,,UMI Dissertations Publishing,,,,,,,,Catalog record,"{""author_0_family"": ""Brown"", ""author_0_given"": ""K."", ""author_1_family"": """", ""author_1_given"": """", ""author_2_family"": """", ""author_2_given"": """", ""author_3_family"": """", ""author_3_given"": """", ""author_4_family"": """", ""author_4_given"": """", ""doi"": """", ""edition"": """", ""editor_0_family"": """", ""editor_0_given"": """", ""editor_1_family"": """", ""editor_1_given"": """", ""id"": """", ""issue"": """", ""issued_date_parts_0_0"": ""2009"", ""issued_date_parts_0_1"": """", ""journal"": """", ""language"": ""en"", ""page"": """", ""publisher"": ""UMI Dissertations Publishing"", ""publisher_place"": """", ""title"": ""An iterative needs assessment/evaluation model for a Japanese university English-language program"", ""type"": ""thesis"", ""url"": """", ""volume"": """"}"
reference-clean-009,Training needs assessment: A must for developing an effective training program. Public Personnel Management,jbrown,2002,2002,Catalog record,,,Articles and Chapters,fr,,,,569–578,31,4,,,,Catalog record,"{""author_0_family"": ""Brown"", ""author_0_given"": ""J."", ""author_1_family"": """", ""author_1_given"": """", ""author_2_family"": """", ""author_2_given"": """", ""author_3_family"": """", ""author_3_given"": """", ""author_4_family"": """", ""author_4_given"": """", ""doi"": """", ""edition"": """", ""editor_0_family"": """", ""editor_0_given"": """", ""editor_1_family"": """", ""editor_1_given"": """", ""id"": """", ""issue"": ""4"", ""issued_date_parts_0_0"": ""2002"", ""issued_date_parts_0_1"": """", ""journal"": """", ""language"": ""fr"", ""page"": ""569–578"", ""publisher"": """", ""publisher_place"": """", ""title"": ""Training needs assessment: A must for developing an effective training program. Public Personnel Management"", ""type"": """", ""url"": """", ""volume"": ""31""}"
reference-clean-010,"From performance analysis to training needs assessment""",kjburner,2010,2010,Chapter,,,Articles and Chapters,en,"Handbook of Improving Performance in the Workplace: Instructional Design and Training Delivery, Pfeiffer Publishing",,,144–83,,,,Silber K.H.; W.R. Foshay,,Catalog record,"{""author_0_family"": ""Burner"", ""author_0_given"": ""K.J."", ""author_1_family"": """", ""author_1_given"": """", ""author_2_family"": """", ""author_2_given"": """", ""author_3_family"": """", ""author_3_given"": """", ""author_4_family"": """", ""author_4_given"": """", ""doi"": """", ""edition"": """", ""editor_0_family"": ""K.H."", ""editor_0_given"": ""Silber"", ""editor_1_family"": ""Foshay"", ""editor_1_given"": ""W.R."", ""id"": """", ""issue"": """", ""issued_date_parts_0_0"": ""2010"", ""issued_date_parts_0_1"": """", ""journal"": ""Handbook of Improving Performance in the Workplace: Instructional Design and Training Delivery, Pfeiffer Publishing"", ""language"": ""en"", ""page"": ""144–83"", ""publisher"": """", ""publisher_place"": ""San Francisco, CA"", ""title"": ""From performance analysis to training needs assessment\"""", ""type"": ""chapter"", ""url"": """", ""volume"": """"}"
reference-902,Rapid needs assessments for older adults in disasters,jburnettcbdyerspickins,2007,2007,Journal article,,https://doi.org/10.1001/jama.296.5.576,Articles and Chapters,en,Generations,,https://doi.org/10.1001/jama.296.5.576,10–15,31,4,,,,Reference details recovered,"{""author_0_family"": ""Burnett"", ""author_0_given"": ""J."", ""author_1_family"": ""Dyer"", ""author_1_given"": ""C.B."", ""author_2_family"": ""Pickins"", ""author_2_given"": ""S."", ""author_3_family"": """", ""author_3_given"": """", ""author_4_family"": """", ""author_4_given"": """", ""doi"": """", ""edition"": """", ""editor_0_family"": """", ""editor_0_given"": """", ""editor_1_family"": """", ""editor_1_given"": """", ""id"": """", ""issue"": ""4"", ""issued_date_parts_0_0"": ""2007"", ""issued_date_parts_0_1"": """", ""journal"": ""Generations"", ""language"": ""en"", ""page"": ""10–15"", ""publisher"": """", ""publisher_place"": """", ""title"": ""Rapid needs assessments for older adults in disasters"", ""type"": ""article-journal"", ""url"": """", ""volume"": ""31""}"
reference-630,Focus Groups: A Starting Point for Needs Assessment,jlbuttram,1990,1990,Journal article,,,Articles and Chapters,en,American Journal of Evaluation..207-212,,,,,,,,,Listing only,"{""author_0_family"": ""Buttram"", ""author_0_given"": ""J.L."", ""author_1_family"": """", ""author_1_given"": """", ""author_2_family"": """", ""author_2_given"": """", ""author_3_family"": """", ""author_3_given"": """", ""author_4_family"": """", ""author_4_given"": """", ""doi"": """", ""edition"": """", ""editor_0_family"": """", ""editor_0_given"": """", ""editor_1_family"": """", ""editor_1_given"": """", ""id"": """", ""issue"": """", ""issued_date_parts_0_0"": ""1990"", ""issued_date_parts_0_1"": """", ""journal"": ""American Journal of Evaluation..207-212"", ""language"": ""en"", ""page"": """", ""publisher"": """", ""publisher_place"": """", ""title"": ""Focus Groups: A Starting Point for Needs Assessment"", ""type"": ""article-journal"", ""url"": """", ""volume"": """"}"
reference-631,Assessing the professional development needs of distance librarians in academic libraries. Journal of,mcassnerkeadams,2006,2006,Journal article,,https://doi.org/10.1300/j111v45n01_05,Articles and Chapters,en,Library Administration,,https://doi.org/10.1300/j111v45n01_05,81–99,45,2-Jan,,,,Reference details recovered,"{""author_0_family"": ""Cassner"", ""author_0_given"": ""M."", ""author_1_family"": ""Adams"", ""author_1_given"": ""K.E."", ""author_2_family"": """", ""author_2_given"": """", ""author_3_family"": """", ""author_3_given"": """", ""author_4_family"": """", ""author_4_given"": """", ""doi"": """", ""edition"": """", ""editor_0_family"": """", ""editor_0_given"": """", ""editor_1_family"": """", ""editor_1_given"": """", ""id"": """", ""issue"": ""2-Jan"", ""issued_date_parts_0_0"": ""2006"", ""issued_date_parts_0_1"": """", ""journal"": ""Library Administration"", ""language"": ""en"", ""page"": ""81–99"", ""publisher"": """", ""publisher_place"": """", ""title"": ""Assessing the professional development needs of distance librarians in academic libraries. Journal of"", ""type"": ""article-journal"", ""url"": """", ""volume"": ""45""}"
reference-632,Volunteer management needs assessment of the Tennessee 4-H program,rbcasteel,2012,2012,Journal article,,,Articles and Chapters,fr,Journal of Extension,,,,50,1,,,,Listing only,"{""author_0_family"": ""Casteel"", ""author_0_given"": ""R.B."", ""author_1_family"": """", ""author_1_given"": """", ""author_2_family"": """", ""author_2_given"": """", ""author_3_family"": """", ""author_3_given"": """", ""author_4_family"": """", ""author_4_given"": """", ""doi"": """", ""edition"": """", ""editor_0_family"": """", ""editor_0_given"": """", ""editor_1_family"": """", ""editor_1_given"": """", ""id"": """", ""issue"": ""1"", ""issued_date_parts_0_0"": ""2012"", ""issued_date_parts_0_1"": """", ""journal"": ""Journal of Extension"", ""language"": ""fr"", ""page"": """", ""publisher"": """", ""publisher_place"": """", ""title"": ""Volunteer management needs assessment of the Tennessee 4-H program"", ""type"": ""article-journal"", ""url"": """", ""volume"": ""50""}"
reference-clean-011,Training needs assessment: Understanding what employees need to know. Professional Safety,tcekada,2010,2010,Catalog record,,,Articles and Chapters,en,,,,28–33,,,,,,Catalog record,"{""author_0_family"": ""Cekada"", ""author_0_given"": ""T."", ""author_1_family"": """", ""author_1_given"": """", ""author_2_family"": """", ""author_2_given"": """", ""author_3_family"": """", ""author_3_given"": """", ""author_4_family"": """", ""author_4_given"": """", ""doi"": """", ""edition"": """", ""editor_0_family"": """", ""editor_0_given"": """", ""editor_1_family"": """", ""editor_1_given"": """", ""id"": """", ""issue"": """", ""issued_date_parts_0_0"": ""2010"", ""issued_date_parts_0_1"": """", ""journal"": """", ""language"": ""en"", ""page"": ""28–33"", ""publisher"": """", ""publisher_place"": """", ""title"": ""Training needs assessment: Understanding what employees need to know. Professional Safety"", ""type"": """", ""url"": """", ""volume"": """"}"
reference-clean-012,Conducting an effective needs assessment. Professional Safety,tlcekada,2011,2011,Catalog record,,,Articles and Chapters,en,,,,28,56,ue 12,,,,Catalog record,"{""author_0_family"": ""Cekada"", ""author_0_given"": ""T.L."", ""author_1_family"": """", ""author_1_given"": """", ""author_2_family"": """", ""author_2_given"": """", ""author_3_family"": """", ""author_3_given"": """", ""author_4_family"": """", ""author_4_given"": """", ""doi"": """", ""edition"": """", ""editor_0_family"": """", ""editor_0_given"": """", ""editor_1_family"": """", ""editor_1_given"": """", ""id"": """", ""issue"": ""ue 12"", ""issued_date_parts_0_0"": ""2011"", ""issued_date_parts_0_1"": """", ""journal"": """", ""language"": ""en"", ""page"": ""28"", ""publisher"": """", ""publisher_place"": """", ""title"": ""Conducting an effective needs assessment. Professional Safety"", ""type"": """", ""url"": """", ""volume"": ""56""}"
reference-clean-013,The Systematic Construction and Influential Factors of Training Needs Assessment,jcchangtcchiangckunyi,2012,2012,Journal article,,,Articles and Chapters,en,International Journal of Business and,,,,,,,,,Catalog record,"{""author_0_family"": ""Chang"", ""author_0_given"": ""J.C."", ""author_1_family"": ""Chiang"", ""author_1_given"": ""T.C."", ""author_2_family"": ""Kun-YI"", ""author_2_given"": ""C."", ""author_3_family"": """", ""author_3_given"": """", ""author_4_family"": """", ""author_4_given"": """", ""doi"": """", ""edition"": """", ""editor_0_family"": """", ""editor_0_given"": """", ""editor_1_family"": """", ""editor_1_given"": """", ""id"": """", ""issue"": """", ""issued_date_parts_0_0"": ""2012"", ""issued_date_parts_0_1"": """", ""journal"": ""International Journal of Business and"", ""language"": ""en"", ""page"": """", ""publisher"": """", ""publisher_place"": """", ""title"": ""The Systematic Construction and Influential Factors of Training Needs Assessment"", ""type"": ""article-journal"", ""url"": """", ""volume"": """"}"
reference-638,Needs assessment of volunteers in a non-profit organization in taiwan. College,ychenclin,2009,2009,Journal article,,https://doi.org/10.4324/9780203930847-11,Articles and Chapters,et,Student Journal,,https://doi.org/10.4324/9780203930847-11,105–113,43,,,,,Reference details recovered,"{""author_0_family"": ""Chen"", ""author_0_given"": ""Y."", ""author_1_family"": ""Lin"", ""author_1_given"": ""C."", ""author_2_family"": """", ""author_2_given"": """", ""author_3_family"": """", ""author_3_given"": """", ""author_4_family"": """", ""author_4_given"": """", ""doi"": """", ""edition"": """", ""editor_0_family"": """", ""editor_0_given"": """", ""editor_1_family"": """", ""editor_1_given"": """", ""id"": """", ""issue"": """", ""issued_date_parts_0_0"": ""2009"", ""issued_date_parts_0_1"": """", ""journal"": ""Student Journal"", ""language"": ""et"", ""page"": ""105–113"", ""publisher"": """", ""publisher_place"": """", ""title"": ""Needs assessment of volunteers in a non-profit organization in taiwan. College"", ""type"": ""article-journal"", ""url"": """", ""volume"": ""43""}"
reference-639,Re–thinking Training Needs Analysis: A Proposed Framework for,wchiudthompsonwmakkllo,1999,1999,Journal article,,,Articles and Chapters,en,"Literature Review, Personnel Review",,,77–89,28,,,,,Listing only,"{""author_0_family"": ""Chiu"", ""author_0_given"": ""W."", ""author_1_family"": ""Thompson"", ""author_1_given"": ""D."", ""author_2_family"": ""Mak"", ""author_2_given"": ""W."", ""author_3_family"": ""Lo"", ""author_3_given"": ""K.L."", ""author_4_family"": """", ""author_4_given"": """", ""doi"": """", ""edition"": """", ""editor_0_family"": """", ""editor_0_given"": """", ""editor_1_family"": """", ""editor_1_given"": """", ""id"": """", ""issue"": """", ""issued_date_parts_0_0"": ""1999"", ""issued_date_parts_0_1"": """", ""journal"": ""Literature Review, Personnel Review"", ""language"": ""en"", ""page"": ""77–89"", ""publisher"": """", ""publisher_place"": """", ""title"": ""Re–thinking Training Needs Analysis: A Proposed Framework for"", ""type"": ""article-journal"", ""url"": """", ""volume"": ""28""}"
reference-clean-014,The politics of training needs analysis. Journal of Workplace Learning,nclarke,2003,2003,Catalog record,,,Articles and Chapters,en,,,,141–141–153,15,4,,,,Catalog record,"{""author_0_family"": ""Clarke"", ""author_0_given"": ""N."", ""author_1_family"": """", ""author_1_given"": """", ""author_2_family"": """", ""author_2_given"": """", ""author_3_family"": """", ""author_3_given"": """", ""author_4_family"": """", ""author_4_given"": """", ""doi"": """", ""edition"": """", ""editor_0_family"": """", ""editor_0_given"": """", ""editor_1_family"": """", ""editor_1_given"": """", ""id"": """", ""issue"": ""4"", ""issued_date_parts_0_0"": ""2003"", ""issued_date_parts_0_1"": """", ""journal"": """", ""language"": ""en"", ""page"": ""141–141–153"", ""publisher"": """", ""publisher_place"": """", ""title"": ""The politics of training needs analysis. Journal of Workplace Learning"", ""type"": """", ""url"": """", ""volume"": ""15""}"
reference-641,Help for first-time needs assessors.  Training &,eclinepseibert,1993,1993,Journal article,,,Articles and Chapters,en,Development,,,99 3,"v47, n5",,,,,Listing only,"{""author_0_family"": ""Cline"", ""author_0_given"": ""E."", ""author_1_family"": ""Seibert"", ""author_1_given"": ""P."", ""author_2_family"": """", ""author_2_given"": """", ""author_3_family"": """", ""author_3_given"": """", ""author_4_family"": """", ""author_4_given"": """", ""doi"": """", ""edition"": """", ""editor_0_family"": """", ""editor_0_given"": """", ""editor_1_family"": """", ""editor_1_given"": """", ""id"": """", ""issue"": """", ""issued_date_parts_0_0"": ""1993"", ""issued_date_parts_0_1"": """", ""journal"": ""Development"", ""language"": ""en"", ""page"": ""99 3"", ""publisher"": """", ""publisher_place"": """", ""title"": ""Help for first-time needs assessors.  Training &"", ""type"": ""article-journal"", ""url"": """", ""volume"": ""v47, n5""}"
reference-642,Performance Assessment of Community-based Physicians: Evaluating the Reliability and Validity of a Tool for Determining CME Need,rcohengeamielmtannashechtermweingarten,2002,2002,Journal article,,,Articles and Chapters,en,Academic Medicine,,,1247–1254,77,12,,,,Listing only,"{""author_0_family"": ""Cohen"", ""author_0_given"": ""R."", ""author_1_family"": ""Amiel"", ""author_1_given"": ""G.E."", ""author_2_family"": ""Tann"", ""author_2_given"": ""M."", ""author_3_family"": ""Shechter"", ""author_3_given"": ""A."", ""author_4_family"": ""Weingarten"", ""author_4_given"": ""M."", ""doi"": """", ""edition"": """", ""editor_0_family"": """", ""editor_0_given"": """", ""editor_1_family"": """", ""editor_1_given"": """", ""id"": """", ""issue"": ""12"", ""issued_date_parts_0_0"": ""2002"", ""issued_date_parts_0_1"": ""12"", ""journal"": ""Academic Medicine"", ""language"": ""en"", ""page"": ""1247–1254"", ""publisher"": """", ""publisher_place"": """", ""title"": ""Performance Assessment of Community-based Physicians: Evaluating the Reliability and Validity of a Tool for Determining CME Need"", ""type"": ""article-journal"", ""url"": """", ""volume"": ""77""}"
reference-643,Do you really want to conduct a needs assessment?,bcohen,1981,1981,Book,,,Books,en,,"Management and Behavioral Science Center, University of Pennsylvania",,,,,,,,Reference details recovered,"{""author_0_family"": ""Cohen"", ""author_0_given"": ""B."", ""author_1_family"": """", ""author_1_given"": """", ""author_2_family"": """", ""author_2_given"": """", ""author_3_family"": """", ""author_3_given"": """", ""author_4_family"": """", ""author_4_given"": """", ""doi"": """", ""edition"": """", ""editor_0_family"": """", ""editor_0_given"": """", ""editor_1_family"": """", ""editor_1_given"": """", ""id"": """", ""issue"": """", ""issued_date_parts_0_0"": ""1981"", ""issued_date_parts_0_1"": """", ""journal"": """", ""language"": ""en"", ""page"": """", ""publisher"": ""Management and Behavioral Science Center, University of Pennsylvania"", ""publisher_place"": ""Philadephia"", ""title"": ""Do you really want to conduct a needs assessment?"", ""type"": ""book"", ""url"": """", ""volume"": """"}"
reference-clean-015,So you're going to manage a project,tdconkright,1998,1998,Chapter,,,Articles and Chapters,en,Training,,,62–64,,,,,,Catalog record,"{""author_0_family"": ""Conkright"", ""author_0_given"": ""T.D."", ""author_1_family"": """", ""author_1_given"": """", ""author_2_family"": """", ""author_2_given"": """", ""author_3_family"": """", ""author_3_given"": """", ""author_4_family"": """", ""author_4_given"": """", ""doi"": """", ""edition"": """", ""editor_0_family"": """", ""editor_0_given"": """", ""editor_1_family"": """", ""editor_1_given"": """", ""id"": """", ""issue"": """", ""issued_date_parts_0_0"": ""1998"", ""issued_date_parts_0_1"": """", ""journal"": ""Training"", ""language"": ""en"", ""page"": ""62–64"", ""publisher"": """", ""publisher_place"": """", ""title"": ""So you're going to manage a project"", ""type"": ""chapter"", ""url"": """", ""volume"": """"}"
reference-645,Learning needs analysis part 4: Planning the learning needs analysis project,scook,2005,2005,Journal article,,https://doi.org/10.1016/j.teln.2019.08.011,Articles and Chapters,en,Training Journal,,https://doi.org/10.1016/j.teln.2019.08.011,54–58,,,,,,Reference details recovered,"{""author_0_family"": ""Cook"", ""author_0_given"": ""S."", ""author_1_family"": """", ""author_1_given"": """", ""author_2_family"": """", ""author_2_given"": """", ""author_3_family"": """", ""author_3_given"": """", ""author_4_family"": """", ""author_4_given"": """", ""doi"": """", ""edition"": """", ""editor_0_family"": """", ""editor_0_given"": """", ""editor_1_family"": """", ""editor_1_given"": """", ""id"": """", ""issue"": """", ""issued_date_parts_0_0"": ""2005"", ""issued_date_parts_0_1"": """", ""journal"": ""Training Journal"", ""language"": ""en"", ""page"": ""54–58"", ""publisher"": """", ""publisher_place"": """", ""title"": ""Learning needs analysis part 4: Planning the learning needs analysis project"", ""type"": ""article-journal"", ""url"": """", ""volume"": """"}"
reference-646,A Model for the Identification of Training Needs,kathleencooke,1979,1979,Journal article,,https://doi.org/10.1787/888934092360,Articles and Chapters,en,Public Personnel Management,,https://doi.org/10.1787/888934092360,257,8,4,,,,Reference details recovered,"{""author_0_family"": ""Cooke"", ""author_0_given"": ""Kathleen"", ""author_1_family"": """", ""author_1_given"": """", ""author_2_family"": """", ""author_2_given"": """", ""author_3_family"": """", ""author_3_given"": """", ""author_4_family"": """", ""author_4_given"": """", ""doi"": """", ""edition"": """", ""editor_0_family"": """", ""editor_0_given"": """", ""editor_1_family"": """", ""editor_1_given"": """", ""id"": """", ""issue"": ""4"", ""issued_date_parts_0_0"": ""1979"", ""issued_date_parts_0_1"": """", ""journal"": ""Public Personnel Management"", ""language"": ""en"", ""page"": ""257"", ""publisher"": """", ""publisher_place"": """", ""title"": ""A Model for the Identification of Training Needs"", ""type"": ""article-journal"", ""url"": """", ""volume"": ""8""}"
reference-647,Investigating the quality of the school technology needs assessment (STNA) 3.0: A validity and reliability study,jocorn,2010,2010,Journal article,,https://doi.org/10.1007/s11423-009-9140-y,Articles and Chapters,en,Educational Technology Research and Development,,https://doi.org/10.1007/s11423-009-9140-y,353– 376,58,4,,,,Reference details recovered,"{""author_0_family"": ""Corn"", ""author_0_given"": ""J.O."", ""author_1_family"": """", ""author_1_given"": """", ""author_2_family"": """", ""author_2_given"": """", ""author_3_family"": """", ""author_3_given"": """", ""author_4_family"": """", ""author_4_given"": """", ""doi"": """", ""edition"": """", ""editor_0_family"": """", ""editor_0_given"": """", ""editor_1_family"": """", ""editor_1_given"": """", ""id"": """", ""issue"": ""4"", ""issued_date_parts_0_0"": ""2010"", ""issued_date_parts_0_1"": """", ""journal"": ""Educational Technology Research and Development"", ""language"": ""en"", ""page"": ""353– 376"", ""publisher"": """", ""publisher_place"": """", ""title"": ""Investigating the quality of the school technology needs assessment (STNA) 3.0: A validity and reliability study"", ""type"": ""article-journal"", ""url"": """", ""volume"": ""58""}"
reference-clean-016,Needs assessment: what a difference does (and can) it make?,jmcsete,1996,1996,Catalog record,,,Articles and Chapters,en,,,,,,,,,,Catalog record,"{""author_0_family"": ""Csete"", ""author_0_given"": ""J.M."", ""author_1_family"": """", ""author_1_given"": """", ""author_2_family"": """", ""author_2_given"": """", ""author_3_family"": """", ""author_3_given"": """", ""author_4_family"": """", ""author_4_given"": """", ""doi"": """", ""edition"": """", ""editor_0_family"": """", ""editor_0_given"": """", ""editor_1_family"": """", ""editor_1_given"": """", ""id"": """", ""issue"": """", ""issued_date_parts_0_0"": ""1996"", ""issued_date_parts_0_1"": """", ""journal"": """", ""language"": ""en"", ""page"": """", ""publisher"": """", ""publisher_place"": """", ""title"": ""Needs assessment: what a difference does (and can) it make?"", ""type"": """", ""url"": """", ""volume"": """"}"
reference-649,Finding out what managers need.  Training &,jcuretonanewtondtesolowski,1986,1986,Journal article,,,Articles and Chapters,en,Development Journal,,,106 2,"v40, n5",,,,,Listing only,"{""author_0_family"": ""Cureton"", ""author_0_given"": ""J."", ""author_1_family"": ""Newton"", ""author_1_given"": ""A."", ""author_2_family"": ""Tesolowski"", ""author_2_given"": ""D."", ""author_3_family"": """", ""author_3_given"": """", ""author_4_family"": """", ""author_4_given"": """", ""doi"": """", ""edition"": """", ""editor_0_family"": """", ""editor_0_given"": """", ""editor_1_family"": """", ""editor_1_given"": """", ""id"": """", ""issue"": """", ""issued_date_parts_0_0"": ""1986"", ""issued_date_parts_0_1"": """", ""journal"": ""Development Journal"", ""language"": ""en"", ""page"": ""106 2"", ""publisher"": """", ""publisher_place"": """", ""title"": ""Finding out what managers need.  Training &"", ""type"": ""article-journal"", ""url"": """", ""volume"": ""v40, n5""}"
reference-650,Needs assessment of the displaced population following the August 1999 earthquake in Turkey,wrdaleyakarpatimsheik,2001,2001,Journal article,,,Articles and Chapters,en,Disasters,,,67–75,25,1,,,,Listing only,"{""author_0_family"": ""Daley"", ""author_0_given"": ""W.R."", ""author_1_family"": ""Karpati"", ""author_1_given"": ""A."", ""author_2_family"": ""Sheik"", ""author_2_given"": ""M."", ""author_3_family"": """", ""author_3_given"": """", ""author_4_family"": """", ""author_4_given"": """", ""doi"": """", ""edition"": """", ""editor_0_family"": """", ""editor_0_given"": """", ""editor_1_family"": """", ""editor_1_given"": """", ""id"": """", ""issue"": ""1"", ""issued_date_parts_0_0"": ""2001"", ""issued_date_parts_0_1"": """", ""journal"": ""Disasters"", ""language"": ""en"", ""page"": ""67–75"", ""publisher"": """", ""publisher_place"": """", ""title"": ""Needs assessment of the displaced population following the August 1999 earthquake in Turkey"", ""type"": ""article-journal"", ""url"": """", ""volume"": ""25""}"
reference-651,Did the prevalence of PTSD following Hurricane Katrina match a rapid needs assessment prediction?: A template for future public planning after large-scale disasters,rdaltonmsscheeringachzeanah,2008,2008,Journal article,,,Articles and Chapters,en,Psychiatric Annals,,,134–141,38,2,,,,Reference details recovered,"{""author_0_family"": ""Dalton"", ""author_0_given"": ""R."", ""author_1_family"": ""Scheeringa"", ""author_1_given"": ""M.S."", ""author_2_family"": ""Zeanah"", ""author_2_given"": ""C.H."", ""author_3_family"": """", ""author_3_given"": """", ""author_4_family"": """", ""author_4_given"": """", ""doi"": """", ""edition"": """", ""editor_0_family"": """", ""editor_0_given"": """", ""editor_1_family"": """", ""editor_1_given"": """", ""id"": """", ""issue"": ""2"", ""issued_date_parts_0_0"": ""2008"", ""issued_date_parts_0_1"": """", ""journal"": ""Psychiatric Annals"", ""language"": ""en"", ""page"": ""134–141"", ""publisher"": """", ""publisher_place"": """", ""title"": ""Did the prevalence of PTSD following Hurricane Katrina match a rapid needs assessment prediction?: A template for future public planning after large-scale disasters"", ""type"": ""article-journal"", ""url"": """", ""volume"": ""38""}"
reference-652,It takes six. (six-step model for needs assessment,bdarraugh,1991,1991,Journal article,,,Articles and Chapters,en,Training & Development Journal,,,21 3,"v45, n3",,,,,Listing only,"{""author_0_family"": ""Darraugh"", ""author_0_given"": ""B."", ""author_1_family"": """", ""author_1_given"": """", ""author_2_family"": """", ""author_2_given"": """", ""author_3_family"": """", ""author_3_given"": """", ""author_4_family"": """", ""author_4_given"": """", ""doi"": """", ""edition"": """", ""editor_0_family"": """", ""editor_0_given"": """", ""editor_1_family"": """", ""editor_1_given"": """", ""id"": """", ""issue"": """", ""issued_date_parts_0_0"": ""1991"", ""issued_date_parts_0_1"": """", ""journal"": ""Training & Development Journal"", ""language"": ""en"", ""page"": ""21 3"", ""publisher"": """", ""publisher_place"": """", ""title"": ""It takes six. (six-step model for needs assessment"", ""type"": ""article-journal"", ""url"": """", ""volume"": ""v45, n3""}"
reference-653,To infinity and beyond: using a narrative approach to identify training needs for unknown and dynamic situations,amdachnerbmsaxtonranoekekeeton,2013,2013,Journal article,,,Articles and Chapters,en,Human Resource Development Quarterly,,,239–267,24,2,,,,Listing only,"{""author_0_family"": ""Dachner"", ""author_0_given"": ""A.M."", ""author_1_family"": ""Saxton"", ""author_1_given"": ""B.M."", ""author_2_family"": ""Noe"", ""author_2_given"": ""R.A."", ""author_3_family"": ""Keeton"", ""author_3_given"": ""K.E."", ""author_4_family"": """", ""author_4_given"": """", ""doi"": """", ""edition"": """", ""editor_0_family"": """", ""editor_0_given"": """", ""editor_1_family"": """", ""editor_1_given"": """", ""id"": """", ""issue"": ""2"", ""issued_date_parts_0_0"": ""2013"", ""issued_date_parts_0_1"": """", ""journal"": ""Human Resource Development Quarterly"", ""language"": ""en"", ""page"": ""239–267"", ""publisher"": """", ""publisher_place"": """", ""title"": ""To infinity and beyond: using a narrative approach to identify training needs for unknown and dynamic situations"", ""type"": ""article-journal"", ""url"": """", ""volume"": ""24""}"
reference-654,The importance of training needs analysis,sdenby,2010,2010,Journal article,,https://doi.org/10.1108/00197851011038132,Articles and Chapters,en,Industrial and Commercial Training,,https://doi.org/10.1108/00197851011038132,147–150,42,3,,,,Reference details recovered,"{""author_0_family"": ""Denby"", ""author_0_given"": ""S."", ""author_1_family"": """", ""author_1_given"": """", ""author_2_family"": """", ""author_2_given"": """", ""author_3_family"": """", ""author_3_given"": """", ""author_4_family"": """", ""author_4_given"": """", ""doi"": """", ""edition"": """", ""editor_0_family"": """", ""editor_0_given"": """", ""editor_1_family"": """", ""editor_1_given"": """", ""id"": """", ""issue"": ""3"", ""issued_date_parts_0_0"": ""2010"", ""issued_date_parts_0_1"": """", ""journal"": ""Industrial and Commercial Training"", ""language"": ""en"", ""page"": ""147–150"", ""publisher"": """", ""publisher_place"": """", ""title"": ""The importance of training needs analysis"", ""type"": ""article-journal"", ""url"": """", ""volume"": ""42""}"
reference-881,Needs assessment,lddesilets,2006,2006,Journal article,,,Articles and Chapters,en,The Journal of Continuing Education in Nursing,Educational Technology Publishing Co,,148–149,37,4,,,,Reference details recovered,"{""author_0_family"": ""DeSilets"", ""author_0_given"": ""L.D."", ""author_1_family"": """", ""author_1_given"": """", ""author_2_family"": """", ""author_2_given"": """", ""author_3_family"": """", ""author_3_given"": """", ""author_4_family"": """", ""author_4_given"": """", ""doi"": """", ""edition"": """", ""editor_0_family"": """", ""editor_0_given"": """", ""editor_1_family"": """", ""editor_1_given"": """", ""id"": """", ""issue"": ""4"", ""issued_date_parts_0_0"": ""2006"", ""issued_date_parts_0_1"": """", ""journal"": ""The Journal of Continuing Education in Nursing"", ""language"": ""en"", ""page"": ""148–149"", ""publisher"": """", ""publisher_place"": """", ""title"": ""Needs assessment"", ""type"": ""article-journal"", ""url"": """", ""volume"": ""37""}"
reference-656,Needs Assessment: An Array of Possibilities,lddesilets,2007,2007,Journal article,,https://doi.org/10.3928/00220124-20070501-05,Articles and Chapters,en,The Journal of Continuing Education in Nursing,,https://doi.org/10.3928/00220124-20070501-05,107–112,38,3,,,,Reference details recovered,"{""author_0_family"": ""DeSilets"", ""author_0_given"": ""L.D."", ""author_1_family"": """", ""author_1_given"": """", ""author_2_family"": """", ""author_2_given"": """", ""author_3_family"": """", ""author_3_given"": """", ""author_4_family"": """", ""author_4_given"": """", ""doi"": """", ""edition"": """", ""editor_0_family"": """", ""editor_0_given"": """", ""editor_1_family"": """", ""editor_1_given"": """", ""id"": """", ""issue"": ""3"", ""issued_date_parts_0_0"": ""2007"", ""issued_date_parts_0_1"": """", ""journal"": ""The Journal of Continuing Education in Nursing"", ""language"": ""en"", ""page"": ""107–112"", ""publisher"": """", ""publisher_place"": """", ""title"": ""Needs Assessment: An Array of Possibilities"", ""type"": ""article-journal"", ""url"": """", ""volume"": ""38""}"
reference-clean-017,"Assessing training needs: Do work experience and capability matter? Human Performance, 21(1",ecdierdorffeasurface,2008,2008,Catalog record,,,Articles and Chapters,en,,,,28–48,,,,,,Catalog record,"{""author_0_family"": ""Dierdorff"", ""author_0_given"": ""E.C."", ""author_1_family"": ""Surface"", ""author_1_given"": ""E.A."", ""author_2_family"": """", ""author_2_given"": """", ""author_3_family"": """", ""author_3_given"": """", ""author_4_family"": """", ""author_4_given"": """", ""doi"": """", ""edition"": """", ""editor_0_family"": """", ""editor_0_given"": """", ""editor_1_family"": """", ""editor_1_given"": """", ""id"": """", ""issue"": """", ""issued_date_parts_0_0"": ""2008"", ""issued_date_parts_0_1"": """", ""journal"": """", ""language"": ""en"", ""page"": ""28–48"", ""publisher"": """", ""publisher_place"": """", ""title"": ""Assessing training needs: Do work experience and capability matter? Human Performance, 21(1"", ""type"": """", ""url"": """", ""volume"": """"}"
reference-clean-018,Nov./Dec). Training needs assessment: Current practices and new directions. Public Personnel Management,tdilauro,1979,1979,Catalog record,,,Articles and Chapters,fr,,,,350–359,8,6,,,,Catalog record,"{""author_0_family"": ""DiLauro"", ""author_0_given"": ""T."", ""author_1_family"": """", ""author_1_given"": """", ""author_2_family"": """", ""author_2_given"": """", ""author_3_family"": """", ""author_3_given"": """", ""author_4_family"": """", ""author_4_given"": """", ""doi"": """", ""edition"": """", ""editor_0_family"": """", ""editor_0_given"": """", ""editor_1_family"": """", ""editor_1_given"": """", ""id"": """", ""issue"": ""6"", ""issued_date_parts_0_0"": ""1979"", ""issued_date_parts_0_1"": """", ""journal"": """", ""language"": ""fr"", ""page"": ""350–359"", ""publisher"": """", ""publisher_place"": """", ""title"": ""Nov./Dec). Training needs assessment: Current practices and new directions. Public Personnel Management"", ""type"": """", ""url"": """", ""volume"": ""8""}"
reference-659,To train or not to train? ... an essential question,sarahkdolliver,1993,1993,Journal article,,,Articles and Chapters,fr,SuperVision,,,1,54,10,,,,Listing only,"{""author_0_family"": ""Dolliver"", ""author_0_given"": ""Sarah K."", ""author_1_family"": """", ""author_1_given"": """", ""author_2_family"": """", ""author_2_given"": """", ""author_3_family"": """", ""author_3_given"": """", ""author_4_family"": """", ""author_4_given"": """", ""doi"": """", ""edition"": """", ""editor_0_family"": """", ""editor_0_given"": """", ""editor_1_family"": """", ""editor_1_given"": """", ""id"": """", ""issue"": ""10"", ""issued_date_parts_0_0"": ""1993"", ""issued_date_parts_0_1"": ""10"", ""journal"": ""SuperVision"", ""language"": ""fr"", ""page"": ""1"", ""publisher"": """", ""publisher_place"": """", ""title"": ""To train or not to train? ... an essential question"", ""type"": ""article-journal"", ""url"": """", ""volume"": ""54""}"
reference-660,Necessary Condition Analysis (NCA): Logic and Methodology of ‘‘Necessary but Not Sufficient’’ Causality,jdul,2016,2016,Journal article,,https://doi.org/10.2139/ssrn.2588480,Articles and Chapters,en,Organizational Research Methods,,https://doi.org/10.2139/ssrn.2588480,10–52,19,1,,,,Reference details recovered,"{""author_0_family"": ""Dul"", ""author_0_given"": ""J."", ""author_1_family"": """", ""author_1_given"": """", ""author_2_family"": """", ""author_2_given"": """", ""author_3_family"": """", ""author_3_given"": """", ""author_4_family"": """", ""author_4_given"": """", ""doi"": """", ""edition"": """", ""editor_0_family"": """", ""editor_0_given"": """", ""editor_1_family"": """", ""editor_1_given"": """", ""id"": """", ""issue"": ""1"", ""issued_date_parts_0_0"": ""2016"", ""issued_date_parts_0_1"": """", ""journal"": ""Organizational Research Methods"", ""language"": ""en"", ""page"": ""10–52"", ""publisher"": """", ""publisher_place"": """", ""title"": ""Necessary Condition Analysis (NCA): Logic and Methodology of ‘‘Necessary but Not Sufficient’’ Causality"", ""type"": ""article-journal"", ""url"": """", ""volume"": ""19""}"
reference-clean-019,How to limit a needs assessment,jeastmanbwitkinbburnham,1987,1987,Chapter,,,Articles and Chapters,et,How to Evaluate Educaitonal Programs (pp,Capitol Publications,,1–4,,,,,,Catalog record,"{""author_0_family"": ""Eastman"", ""author_0_given"": ""J."", ""author_1_family"": ""Witkin"", ""author_1_given"": ""B."", ""author_2_family"": ""Burnham"", ""author_2_given"": ""B."", ""author_3_family"": """", ""author_3_given"": """", ""author_4_family"": """", ""author_4_given"": """", ""doi"": """", ""edition"": """", ""editor_0_family"": """", ""editor_0_given"": """", ""editor_1_family"": """", ""editor_1_given"": """", ""id"": """", ""issue"": """", ""issued_date_parts_0_0"": ""1987"", ""issued_date_parts_0_1"": """", ""journal"": ""How to Evaluate Educaitonal Programs (pp"", ""language"": ""et"", ""page"": ""1–4"", ""publisher"": ""Capitol Publications"", ""publisher_place"": """", ""title"": ""How to limit a needs assessment"", ""type"": ""chapter"", ""url"": """", ""volume"": """"}"
reference-clean-020,Clarifying the concept of need: a comparison of two approaches to concept analysis. Journal of Advanced Nursing 25,rendacott,1997,1997,Catalog record,,,Articles and Chapters,en,,,,471–476,,,,,,Catalog record,"{""author_0_family"": ""Endacott"", ""author_0_given"": ""R."", ""author_1_family"": """", ""author_1_given"": """", ""author_2_family"": """", ""author_2_given"": """", ""author_3_family"": """", ""author_3_given"": """", ""author_4_family"": """", ""author_4_given"": """", ""doi"": """", ""edition"": """", ""editor_0_family"": """", ""editor_0_given"": """", ""editor_1_family"": """", ""editor_1_given"": """", ""id"": """", ""issue"": """", ""issued_date_parts_0_0"": ""1997"", ""issued_date_parts_0_1"": """", ""journal"": """", ""language"": ""en"", ""page"": ""471–476"", ""publisher"": """", ""publisher_place"": """", ""title"": ""Clarifying the concept of need: a comparison of two approaches to concept analysis. Journal of Advanced Nursing 25"", ""type"": """", ""url"": """", ""volume"": """"}"
reference-663,Needs assessment: The perspective from the public sector,menglejwaltschuld,2014,2014,Journal article,,,Articles and Chapters,en,New Directions for Evaluation,,,33–45,144,,,Altschuld J.W.; R. Watkins,,Listing only,"{""author_0_family"": ""Engle"", ""author_0_given"": ""M."", ""author_1_family"": ""Altschuld"", ""author_1_given"": ""J.W."", ""author_2_family"": """", ""author_2_given"": """", ""author_3_family"": """", ""author_3_given"": """", ""author_4_family"": """", ""author_4_given"": """", ""doi"": """", ""edition"": """", ""editor_0_family"": ""J.W."", ""editor_0_given"": ""Altschuld"", ""editor_1_family"": ""Watkins"", ""editor_1_given"": ""R."", ""id"": """", ""issue"": """", ""issued_date_parts_0_0"": ""2014"", ""issued_date_parts_0_1"": """", ""journal"": ""New Directions for Evaluation"", ""language"": ""en"", ""page"": ""33–45"", ""publisher"": """", ""publisher_place"": """", ""title"": ""Needs assessment: The perspective from the public sector"", ""type"": ""article-journal"", ""url"": """", ""volume"": ""144""}"
reference-664,Using community based assessments to strengthen nonprofit-government collaboration and service delivery. Journal of Health and,beschenfelder,2010,2010,Journal article,,https://doi.org/10.1097/00003727-200310000-00017,Articles and Chapters,en,Human Services Administration,,https://doi.org/10.1097/00003727-200310000-00017,405–446,32,,,,,Reference details recovered,"{""author_0_family"": ""Eschenfelder"", ""author_0_given"": ""B."", ""author_1_family"": """", ""author_1_given"": """", ""author_2_family"": """", ""author_2_given"": """", ""author_3_family"": """", ""author_3_given"": """", ""author_4_family"": """", ""author_4_given"": """", ""doi"": """", ""edition"": """", ""editor_0_family"": """", ""editor_0_given"": """", ""editor_1_family"": """", ""editor_1_given"": """", ""id"": """", ""issue"": """", ""issued_date_parts_0_0"": ""2010"", ""issued_date_parts_0_1"": """", ""journal"": ""Human Services Administration"", ""language"": ""en"", ""page"": ""405–446"", ""publisher"": """", ""publisher_place"": """", ""title"": ""Using community based assessments to strengthen nonprofit-government collaboration and service delivery. Journal of Health and"", ""type"": ""article-journal"", ""url"": """", ""volume"": ""32""}"
reference-clean-021,Needs assessment methodology: A comparison of results. Journal of College Student Personnel,njevans,1985,1985,Catalog record,,,Articles and Chapters,nl,,,,26 2 107–114,,,,,,Catalog record,"{""author_0_family"": ""Evans"", ""author_0_given"": ""N.J."", ""author_1_family"": """", ""author_1_given"": """", ""author_2_family"": """", ""author_2_given"": """", ""author_3_family"": """", ""author_3_given"": """", ""author_4_family"": """", ""author_4_given"": """", ""doi"": """", ""edition"": """", ""editor_0_family"": """", ""editor_0_given"": """", ""editor_1_family"": """", ""editor_1_given"": """", ""id"": """", ""issue"": """", ""issued_date_parts_0_0"": ""1985"", ""issued_date_parts_0_1"": """", ""journal"": """", ""language"": ""nl"", ""page"": ""26 2 107–114"", ""publisher"": """", ""publisher_place"": """", ""title"": ""Needs assessment methodology: A comparison of results. Journal of College Student Personnel"", ""type"": """", ""url"": """", ""volume"": """"}"
reference-clean-022,Plugging the gap in training needs analysis. Personnel Management; v23,jillfairbairns,1991,1991,Catalog record,,,Articles and Chapters,en,,,,,"n2, p43(3",,,,,Catalog record,"{""author_0_family"": ""Fairbairns"", ""author_0_given"": ""Jill"", ""author_1_family"": """", ""author_1_given"": """", ""author_2_family"": """", ""author_2_given"": """", ""author_3_family"": """", ""author_3_given"": """", ""author_4_family"": """", ""author_4_given"": """", ""doi"": """", ""edition"": """", ""editor_0_family"": """", ""editor_0_given"": """", ""editor_1_family"": """", ""editor_1_given"": """", ""id"": """", ""issue"": """", ""issued_date_parts_0_0"": ""1991"", ""issued_date_parts_0_1"": """", ""journal"": """", ""language"": ""en"", ""page"": """", ""publisher"": """", ""publisher_place"": """", ""title"": ""Plugging the gap in training needs analysis. Personnel Management; v23"", ""type"": """", ""url"": """", ""volume"": ""n2, p43(3""}"
reference-667,Community-based practice: Assessing community needs and strengths,mfinlayson,2007,2007,Journal article,,,Articles and Chapters,en,Occupational Therapy Practice,,,29–31,,,,,,Listing only,"{""author_0_family"": ""Finlayson"", ""author_0_given"": ""M."", ""author_1_family"": """", ""author_1_given"": """", ""author_2_family"": """", ""author_2_given"": """", ""author_3_family"": """", ""author_3_given"": """", ""author_4_family"": """", ""author_4_given"": """", ""doi"": """", ""edition"": """", ""editor_0_family"": """", ""editor_0_given"": """", ""editor_1_family"": """", ""editor_1_given"": """", ""id"": """", ""issue"": """", ""issued_date_parts_0_0"": ""2007"", ""issued_date_parts_0_1"": ""3"", ""journal"": ""Occupational Therapy Practice"", ""language"": ""en"", ""page"": ""29–31"", ""publisher"": """", ""publisher_place"": """", ""title"": ""Community-based practice: Assessing community needs and strengths"", ""type"": ""article-journal"", ""url"": """", ""volume"": """"}"
reference-668,Human resources planning - training needs analysis. Management,jfreeman,1993,1993,Journal article,,,Articles and Chapters,fr,"Quarterly, v34",,,,"n3, p32(3",,,,,Listing only,"{""author_0_family"": ""Freeman"", ""author_0_given"": ""J."", ""author_1_family"": """", ""author_1_given"": """", ""author_2_family"": """", ""author_2_given"": """", ""author_3_family"": """", ""author_3_given"": """", ""author_4_family"": """", ""author_4_given"": """", ""doi"": """", ""edition"": """", ""editor_0_family"": """", ""editor_0_given"": """", ""editor_1_family"": """", ""editor_1_given"": """", ""id"": """", ""issue"": """", ""issued_date_parts_0_0"": ""1993"", ""issued_date_parts_0_1"": """", ""journal"": ""Quarterly, v34"", ""language"": ""fr"", ""page"": """", ""publisher"": """", ""publisher_place"": """", ""title"": ""Human resources planning - training needs analysis. Management"", ""type"": ""article-journal"", ""url"": """", ""volume"": ""n3, p32(3""}"
reference-clean-023,"Self-assessed training needs: The effects of attitudes toward training, managerial level",jkfordranoe,1987,1987,Journal article,,,Articles and Chapters,en,and function. Personnel Psychology,,,39–53,40,,,,,Catalog record,"{""author_0_family"": ""Ford"", ""author_0_given"": ""J.K."", ""author_1_family"": ""Noe"", ""author_1_given"": ""R.A."", ""author_2_family"": """", ""author_2_given"": """", ""author_3_family"": """", ""author_3_given"": """", ""author_4_family"": """", ""author_4_given"": """", ""doi"": """", ""edition"": """", ""editor_0_family"": """", ""editor_0_given"": """", ""editor_1_family"": """", ""editor_1_given"": """", ""id"": """", ""issue"": """", ""issued_date_parts_0_0"": ""1987"", ""issued_date_parts_0_1"": """", ""journal"": ""and function. Personnel Psychology"", ""language"": ""en"", ""page"": ""39–53"", ""publisher"": """", ""publisher_place"": """", ""title"": ""Self-assessed training needs: The effects of attitudes toward training, managerial level"", ""type"": ""article-journal"", ""url"": """", ""volume"": ""40""}"
reference-906,Criteria for Setting Needs Priorities: The Practitioner's Perspective,grfostermsouthard,1988,1988,Journal article,,,Articles and Chapters,en,Florida Journal of Educational Research,,,35–43,30,1,,,,Listing only,"{""author_0_family"": ""Foster"", ""author_0_given"": ""G.R."", ""author_1_family"": ""Southard"", ""author_1_given"": ""M."", ""author_2_family"": """", ""author_2_given"": """", ""author_3_family"": """", ""author_3_given"": """", ""author_4_family"": """", ""author_4_given"": """", ""doi"": """", ""edition"": """", ""editor_0_family"": """", ""editor_0_given"": """", ""editor_1_family"": """", ""editor_1_given"": """", ""id"": """", ""issue"": ""1"", ""issued_date_parts_0_0"": ""1988"", ""issued_date_parts_0_1"": """", ""journal"": ""Florida Journal of Educational Research"", ""language"": ""en"", ""page"": ""35–43"", ""publisher"": """", ""publisher_place"": """", ""title"": ""Criteria for Setting Needs Priorities: The Practitioner's Perspective"", ""type"": ""article-journal"", ""url"": """", ""volume"": ""30""}"
reference-671,Using the World Wide Web to conduct a needs assessment,mfulopkloopbartickarossett,1997,1997,Journal article,,https://doi.org/10.1002/pfi.4140360606,Articles and Chapters,en,Performance Improvement,,https://doi.org/10.1002/pfi.4140360606,22–27,36,6,,,,Reference details recovered,"{""author_0_family"": ""Fulop"", ""author_0_given"": ""M."", ""author_1_family"": ""Loop-Bartick"", ""author_1_given"": ""K."", ""author_2_family"": ""Rossett"", ""author_2_given"": ""A."", ""author_3_family"": """", ""author_3_given"": """", ""author_4_family"": """", ""author_4_given"": """", ""doi"": """", ""edition"": """", ""editor_0_family"": """", ""editor_0_given"": """", ""editor_1_family"": """", ""editor_1_given"": """", ""id"": """", ""issue"": ""6"", ""issued_date_parts_0_0"": ""1997"", ""issued_date_parts_0_1"": ""7"", ""journal"": ""Performance Improvement"", ""language"": ""en"", ""page"": ""22–27"", ""publisher"": """", ""publisher_place"": """", ""title"": ""Using the World Wide Web to conduct a needs assessment"", ""type"": ""article-journal"", ""url"": """", ""volume"": ""36""}"
reference-672,Focus groups--A needs assessment tool,jagamon,1992,1992,Journal article,,,Articles and Chapters,en,Journal of Extension,,,,30,1,,,,Listing only,"{""author_0_family"": ""Gamon"", ""author_0_given"": ""J.A."", ""author_1_family"": """", ""author_1_given"": """", ""author_2_family"": """", ""author_2_given"": """", ""author_3_family"": """", ""author_3_given"": """", ""author_4_family"": """", ""author_4_given"": """", ""doi"": """", ""edition"": """", ""editor_0_family"": """", ""editor_0_given"": """", ""editor_1_family"": """", ""editor_1_given"": """", ""id"": """", ""issue"": ""1"", ""issued_date_parts_0_0"": ""1992"", ""issued_date_parts_0_1"": """", ""journal"": ""Journal of Extension"", ""language"": ""en"", ""page"": """", ""publisher"": """", ""publisher_place"": """", ""title"": ""Focus groups--A needs assessment tool"", ""type"": ""article-journal"", ""url"": """", ""volume"": ""30""}"
reference-clean-024,The needs assessment solution. Personnel Administrator,mjgentggdellomo,1989,1989,Catalog record,,,Articles and Chapters,en,,,,34 1 82–84,,,,,,Catalog record,"{""author_0_family"": ""Gent"", ""author_0_given"": ""M.J."", ""author_1_family"": ""Dell'Omo"", ""author_1_given"": ""G.G."", ""author_2_family"": """", ""author_2_given"": """", ""author_3_family"": """", ""author_3_given"": """", ""author_4_family"": """", ""author_4_given"": """", ""doi"": """", ""edition"": """", ""editor_0_family"": """", ""editor_0_given"": """", ""editor_1_family"": """", ""editor_1_given"": """", ""id"": """", ""issue"": """", ""issued_date_parts_0_0"": ""1989"", ""issued_date_parts_0_1"": """", ""journal"": """", ""language"": ""en"", ""page"": ""34 1 82–84"", ""publisher"": """", ""publisher_place"": """", ""title"": ""The needs assessment solution. Personnel Administrator"", ""type"": """", ""url"": """", ""volume"": """"}"
reference-674,Rapid needs assessment among HurricaneKatrina evacuees in metro-Denver,tsghoshpatnaikjlrlvogt,2007,2007,Journal article,,,Articles and Chapters,en,Journal of Health Care for the Poor and Underserved,,,362–368,18,2,,,,Listing only,"{""author_0_family"": ""Ghosh"", ""author_0_given"": ""T.S."", ""author_1_family"": ""J.L."", ""author_1_given"": ""Patnaik"", ""author_2_family"": ""Vogt"", ""author_2_given"": ""R.L."", ""author_3_family"": """", ""author_3_given"": """", ""author_4_family"": """", ""author_4_given"": """", ""doi"": """", ""edition"": """", ""editor_0_family"": """", ""editor_0_given"": """", ""editor_1_family"": """", ""editor_1_given"": """", ""id"": """", ""issue"": ""2"", ""issued_date_parts_0_0"": ""2007"", ""issued_date_parts_0_1"": """", ""journal"": ""Journal of Health Care for the Poor and Underserved"", ""language"": ""en"", ""page"": ""362–368"", ""publisher"": """", ""publisher_place"": """", ""title"": ""Rapid needs assessment among HurricaneKatrina evacuees in metro-Denver"", ""type"": ""article-journal"", ""url"": """", ""volume"": ""18""}"
reference-907,"Training needs analysis: an evaluation framework""",dgoulddkellyiwhite,2004,2004,Journal article,,,Articles and Chapters,sv,Nursing Standard,,,33–6,18,20,,,,Listing only,"{""author_0_family"": ""Gould"", ""author_0_given"": ""D."", ""author_1_family"": ""Kelly"", ""author_1_given"": ""D."", ""author_2_family"": ""White"", ""author_2_given"": ""I."", ""author_3_family"": """", ""author_3_given"": """", ""author_4_family"": """", ""author_4_given"": """", ""doi"": """", ""edition"": """", ""editor_0_family"": """", ""editor_0_given"": """", ""editor_1_family"": """", ""editor_1_given"": """", ""id"": """", ""issue"": ""20"", ""issued_date_parts_0_0"": ""2004"", ""issued_date_parts_0_1"": """", ""journal"": ""Nursing Standard"", ""language"": ""sv"", ""page"": ""33–6"", ""publisher"": """", ""publisher_place"": """", ""title"": ""Training needs analysis: an evaluation framework\"""", ""type"": ""article-journal"", ""url"": """", ""volume"": ""18""}"
reference-676,Can your management development needs surveys be trusted? Training &,kgrahamwmihal,1986,1986,Journal article,,,Articles and Chapters,en,"Development Journal, v40",,,38 5,n3,,,,,Listing only,"{""author_0_family"": ""Graham"", ""author_0_given"": ""K."", ""author_1_family"": ""Mihal"", ""author_1_given"": ""W."", ""author_2_family"": """", ""author_2_given"": """", ""author_3_family"": """", ""author_3_given"": """", ""author_4_family"": """", ""author_4_given"": """", ""doi"": """", ""edition"": """", ""editor_0_family"": """", ""editor_0_given"": """", ""editor_1_family"": """", ""editor_1_given"": """", ""id"": """", ""issue"": """", ""issued_date_parts_0_0"": ""1986"", ""issued_date_parts_0_1"": """", ""journal"": ""Development Journal, v40"", ""language"": ""en"", ""page"": ""38 5"", ""publisher"": """", ""publisher_place"": """", ""title"": ""Can your management development needs surveys be trusted? Training &"", ""type"": ""article-journal"", ""url"": """", ""volume"": ""n3""}"
reference-677,Learning needs assessment: assessing the need,jgrant,2002,2002,Journal article,,,Articles and Chapters,en,British Medical Journal,,,156–159,324,,,,,Listing only,"{""author_0_family"": ""Grant"", ""author_0_given"": ""J."", ""author_1_family"": """", ""author_1_given"": """", ""author_2_family"": """", ""author_2_given"": """", ""author_3_family"": """", ""author_3_given"": """", ""author_4_family"": """", ""author_4_given"": """", ""doi"": """", ""edition"": """", ""editor_0_family"": """", ""editor_0_given"": """", ""editor_1_family"": """", ""editor_1_given"": """", ""id"": """", ""issue"": """", ""issued_date_parts_0_0"": ""2002"", ""issued_date_parts_0_1"": """", ""journal"": ""British Medical Journal"", ""language"": ""en"", ""page"": ""156–159"", ""publisher"": """", ""publisher_place"": """", ""title"": ""Learning needs assessment: assessing the need"", ""type"": ""article-journal"", ""url"": """", ""volume"": ""324""}"
reference-678,Integrating needs assessment into career and technical curriculum development,asgrier,2005,2005,Journal article,,https://doi.org/10.1037/e529952011-001,Articles and Chapters,en,Journal of Industrial Teacher Education,,https://doi.org/10.1037/e529952011-001,59–66,v42 n1,,,,,Reference details recovered,"{""author_0_family"": ""Grier"", ""author_0_given"": ""A.S."", ""author_1_family"": """", ""author_1_given"": """", ""author_2_family"": """", ""author_2_given"": """", ""author_3_family"": """", ""author_3_given"": """", ""author_4_family"": """", ""author_4_given"": """", ""doi"": """", ""edition"": """", ""editor_0_family"": """", ""editor_0_given"": """", ""editor_1_family"": """", ""editor_1_given"": """", ""id"": """", ""issue"": """", ""issued_date_parts_0_0"": ""2005"", ""issued_date_parts_0_1"": """", ""journal"": ""Journal of Industrial Teacher Education"", ""language"": ""en"", ""page"": ""59–66"", ""publisher"": """", ""publisher_place"": """", ""title"": ""Integrating needs assessment into career and technical curriculum development"", ""type"": ""article-journal"", ""url"": """", ""volume"": ""v42 n1""}"
reference-clean-025,"Individual and Contextual Influences on Self-assessed TrainingNeeds, Journal of",jpguthrieceschwoerer,1994,1994,Journal article,,,Articles and Chapters,en,Organizational Behavior,,,405–423,15,,,,,Catalog record,"{""author_0_family"": ""Guthrie"", ""author_0_given"": ""J.P."", ""author_1_family"": ""Schwoerer"", ""author_1_given"": ""C.E."", ""author_2_family"": """", ""author_2_given"": """", ""author_3_family"": """", ""author_3_given"": """", ""author_4_family"": """", ""author_4_given"": """", ""doi"": """", ""edition"": """", ""editor_0_family"": """", ""editor_0_given"": """", ""editor_1_family"": """", ""editor_1_given"": """", ""id"": """", ""issue"": """", ""issued_date_parts_0_0"": ""1994"", ""issued_date_parts_0_1"": """", ""journal"": ""Organizational Behavior"", ""language"": ""en"", ""page"": ""405–423"", ""publisher"": """", ""publisher_place"": """", ""title"": ""Individual and Contextual Influences on Self-assessed TrainingNeeds, Journal of"", ""type"": ""article-journal"", ""url"": """", ""volume"": ""15""}"
reference-clean-026,"Older Dogs and New Tricks: Career Stage and Self-assessed Need for Training, Public Personnel Management",jpguthrieceschwoerer,1996,1996,Catalog record,,,Articles and Chapters,en,,,,59–72,25,,,,,Catalog record,"{""author_0_family"": ""Guthrie"", ""author_0_given"": ""J.P."", ""author_1_family"": ""Schwoerer"", ""author_1_given"": ""C.E."", ""author_2_family"": """", ""author_2_given"": """", ""author_3_family"": """", ""author_3_given"": """", ""author_4_family"": """", ""author_4_given"": """", ""doi"": """", ""edition"": """", ""editor_0_family"": """", ""editor_0_given"": """", ""editor_1_family"": """", ""editor_1_given"": """", ""id"": """", ""issue"": """", ""issued_date_parts_0_0"": ""1996"", ""issued_date_parts_0_1"": """", ""journal"": """", ""language"": ""en"", ""page"": ""59–72"", ""publisher"": """", ""publisher_place"": """", ""title"": ""Older Dogs and New Tricks: Career Stage and Self-assessed Need for Training, Public Personnel Management"", ""type"": """", ""url"": """", ""volume"": ""25""}"
reference-909,Starting right.,jhazuchakholt,1991,1991,Journal article,,,Articles and Chapters,en,Training & Development Journal,,,71–72,45,,,,,Listing only,"{""author_0_family"": ""Hazucha"", ""author_0_given"": ""J."", ""author_1_family"": ""Holt"", ""author_1_given"": ""K."", ""author_2_family"": """", ""author_2_given"": """", ""author_3_family"": """", ""author_3_given"": """", ""author_4_family"": """", ""author_4_given"": """", ""doi"": """", ""edition"": """", ""editor_0_family"": """", ""editor_0_given"": """", ""editor_1_family"": """", ""editor_1_given"": """", ""id"": """", ""issue"": """", ""issued_date_parts_0_0"": ""1991"", ""issued_date_parts_0_1"": """", ""journal"": "" Training & Development Journal"", ""language"": ""en"", ""page"": ""71–72"", ""publisher"": """", ""publisher_place"": """", ""title"": ""Starting right."", ""type"": ""article-journal"", ""url"": """", ""volume"": ""45""}"
reference-910,"Performance appraisal in the training needs analysis process: a review and critique""",grherbertddoverspike,1990,1990,Journal article,,,Articles and Chapters,fr,Public Personnel Management,,,253–70,19,3,,,,Listing only,"{""author_0_family"": ""Herbert"", ""author_0_given"": ""G.R."", ""author_1_family"": ""Doverspike"", ""author_1_given"": ""D."", ""author_2_family"": """", ""author_2_given"": """", ""author_3_family"": """", ""author_3_given"": """", ""author_4_family"": """", ""author_4_given"": """", ""doi"": """", ""edition"": """", ""editor_0_family"": """", ""editor_0_given"": """", ""editor_1_family"": """", ""editor_1_given"": """", ""id"": """", ""issue"": ""3"", ""issued_date_parts_0_0"": ""1990"", ""issued_date_parts_0_1"": """", ""journal"": ""Public Personnel Management"", ""language"": ""fr"", ""page"": ""253–70"", ""publisher"": """", ""publisher_place"": """", ""title"": ""Performance appraisal in the training needs analysis process: a review and critique\"""", ""type"": ""article-journal"", ""url"": """", ""volume"": ""19""}"
reference-683,Now for a completely different look at needs analysis. Training and,mbhiebertnsmallwood,1987,1987,Journal article,,,Articles and Chapters,en,Development Journal,,,75–79,41,,,,,Listing only,"{""author_0_family"": ""Hiebert"", ""author_0_given"": ""M.B."", ""author_1_family"": ""Smallwood"", ""author_1_given"": ""N."", ""author_2_family"": """", ""author_2_given"": """", ""author_3_family"": """", ""author_3_given"": """", ""author_4_family"": """", ""author_4_given"": """", ""doi"": """", ""edition"": """", ""editor_0_family"": """", ""editor_0_given"": """", ""editor_1_family"": """", ""editor_1_given"": """", ""id"": """", ""issue"": """", ""issued_date_parts_0_0"": ""1987"", ""issued_date_parts_0_1"": """", ""journal"": ""Development Journal"", ""language"": ""en"", ""page"": ""75–79"", ""publisher"": """", ""publisher_place"": """", ""title"": ""Now for a completely different look at needs analysis. Training and"", ""type"": ""article-journal"", ""url"": """", ""volume"": ""41""}"
reference-clean-027,A needs assessment evaluation as a basis for training of hospice volunteers,pnhoalt,1991,1991,Thesis,,,Articles and Chapters,en,,Southern Illinois University,,,,,,,,Catalog record,"{""author_0_family"": ""Hoalt"", ""author_0_given"": ""P.N."", ""author_1_family"": """", ""author_1_given"": """", ""author_2_family"": """", ""author_2_given"": """", ""author_3_family"": """", ""author_3_given"": """", ""author_4_family"": """", ""author_4_given"": """", ""doi"": """", ""edition"": """", ""editor_0_family"": """", ""editor_0_given"": """", ""editor_1_family"": """", ""editor_1_given"": """", ""id"": """", ""issue"": """", ""issued_date_parts_0_0"": ""1991"", ""issued_date_parts_0_1"": """", ""journal"": """", ""language"": ""en"", ""page"": """", ""publisher"": ""Southern Illinois University"", ""publisher_place"": ""Carbondale, Illinois"", ""title"": ""A needs assessment evaluation as a basis for training of hospice volunteers"", ""type"": ""thesis"", ""url"": """", ""volume"": """"}"
reference-clean-028,"Largescale performance-driven training needs assessment: A case study. Public Personnel Management, 29(2",eholtonrbatessnaquin,2000,2000,Catalog record,,,Articles and Chapters,fr,,,,249–267,,,,,,Catalog record,"{""author_0_family"": ""Holton"", ""author_0_given"": ""E."", ""author_1_family"": ""Bates"", ""author_1_given"": ""R."", ""author_2_family"": ""Naquin"", ""author_2_given"": ""S."", ""author_3_family"": """", ""author_3_given"": """", ""author_4_family"": """", ""author_4_given"": """", ""doi"": """", ""edition"": """", ""editor_0_family"": """", ""editor_0_given"": """", ""editor_1_family"": """", ""editor_1_given"": """", ""id"": """", ""issue"": """", ""issued_date_parts_0_0"": ""2000"", ""issued_date_parts_0_1"": """", ""journal"": """", ""language"": ""fr"", ""page"": ""249–267"", ""publisher"": """", ""publisher_place"": """", ""title"": ""Largescale performance-driven training needs assessment: A case study. Public Personnel Management, 29(2"", ""type"": """", ""url"": """", ""volume"": """"}"
reference-686,Methodological and conceptual issues confronting a cross-country Delphi study of educational program evaluation. Evaluation and,hlhungjwaltschuldyflee,2008,2008,Journal article,,https://doi.org/10.1016/j.evalprogplan.2008.02.005,Articles and Chapters,en,Program Planning,,https://doi.org/10.1016/j.evalprogplan.2008.02.005,191–198,31,,,,,Reference details recovered,"{""author_0_family"": ""Hung"", ""author_0_given"": ""H.-L."", ""author_1_family"": ""Altschuld"", ""author_1_given"": ""J.W."", ""author_2_family"": ""Lee"", ""author_2_given"": ""Y.-F."", ""author_3_family"": """", ""author_3_given"": """", ""author_4_family"": """", ""author_4_given"": """", ""doi"": """", ""edition"": """", ""editor_0_family"": """", ""editor_0_given"": """", ""editor_1_family"": """", ""editor_1_given"": """", ""id"": """", ""issue"": """", ""issued_date_parts_0_0"": ""2008"", ""issued_date_parts_0_1"": """", ""journal"": ""Program Planning"", ""language"": ""en"", ""page"": ""191–198"", ""publisher"": """", ""publisher_place"": """", ""title"": ""Methodological and conceptual issues confronting a cross-country Delphi study of educational program evaluation. Evaluation and"", ""type"": ""article-journal"", ""url"": """", ""volume"": ""31""}"
reference-687,Answering the journalistic six on the training needs assessment of pharmaceutical sales representatives: Comparative perspectives of trainers and trainees”,mziqbalsamalikrakhan,2012,2012,Journal article,,,Articles and Chapters,en,International Journal of Pharmaceutical and Healthcare Marketing,,,71–96,6,1,,,,Listing only,"{""author_0_family"": ""Iqbal"", ""author_0_given"": ""M.Z."", ""author_1_family"": ""Malik"", ""author_1_given"": ""S.A."", ""author_2_family"": ""Khan"", ""author_2_given"": ""R.A."", ""author_3_family"": """", ""author_3_given"": """", ""author_4_family"": """", ""author_4_given"": """", ""doi"": """", ""edition"": """", ""editor_0_family"": """", ""editor_0_given"": """", ""editor_1_family"": """", ""editor_1_given"": """", ""id"": """", ""issue"": ""1"", ""issued_date_parts_0_0"": ""2012"", ""issued_date_parts_0_1"": """", ""journal"": ""International Journal of Pharmaceutical and Healthcare Marketing"", ""language"": ""en"", ""page"": ""71–96"", ""publisher"": """", ""publisher_place"": """", ""title"": ""Answering the journalistic six on the training needs assessment of pharmaceutical sales representatives: Comparative perspectives of trainers and trainees”"", ""type"": ""article-journal"", ""url"": """", ""volume"": ""6""}"
reference-clean-029,"The growing concept and uses of training needs assessment. Journal of European Industrial Training, 35(5",mziqbalrakhan,2011,2011,Catalog record,,,Articles and Chapters,en,,,,439–466,,,,,,Catalog record,"{""author_0_family"": ""Iqbal"", ""author_0_given"": ""M.Z."", ""author_1_family"": ""Khan"", ""author_1_given"": ""R.A."", ""author_2_family"": """", ""author_2_given"": """", ""author_3_family"": """", ""author_3_given"": """", ""author_4_family"": """", ""author_4_given"": """", ""doi"": """", ""edition"": """", ""editor_0_family"": """", ""editor_0_given"": """", ""editor_1_family"": """", ""editor_1_given"": """", ""id"": """", ""issue"": """", ""issued_date_parts_0_0"": ""2011"", ""issued_date_parts_0_1"": """", ""journal"": """", ""language"": ""en"", ""page"": ""439–466"", ""publisher"": """", ""publisher_place"": """", ""title"": ""The growing concept and uses of training needs assessment. Journal of European Industrial Training, 35(5"", ""type"": """", ""url"": """", ""volume"": """"}"
reference-911,"Can ""needs define educational goals.",bjames,1956,1956,Journal article,,https://doi.org/10.1177/074171365600700103,Articles and Chapters,en,Adult Education Quarterly,,https://doi.org/10.1177/074171365600700103,19–26,7,19,,,,Reference details recovered,"{""author_0_family"": ""James"", ""author_0_given"": ""B."", ""author_1_family"": """", ""author_1_given"": """", ""author_2_family"": """", ""author_2_given"": """", ""author_3_family"": """", ""author_3_given"": """", ""author_4_family"": """", ""author_4_given"": """", ""doi"": """", ""edition"": """", ""editor_0_family"": """", ""editor_0_given"": """", ""editor_1_family"": """", ""editor_1_given"": """", ""id"": """", ""issue"": ""19"", ""issued_date_parts_0_0"": ""1956"", ""issued_date_parts_0_1"": """", ""journal"": ""Adult Education Quarterly"", ""language"": ""en"", ""page"": ""19–26"", ""publisher"": """", ""publisher_place"": """", ""title"": ""Can \""needs define educational goals. "", ""type"": ""article-journal"", ""url"": """", ""volume"": ""7""}"
reference-690,'The Answer You Get Depends on Who (and What,jajerabeklmcmain,,,Journal article,,,Articles and Chapters,en,"You Ask', Journal of Library Administration",,,387 – 395,37:03:00,,,,,Reference details recovered,"{""author_0_family"": ""Jerabek"", ""author_0_given"": ""J.A."", ""author_1_family"": ""McMain"", ""author_1_given"": ""L."", ""author_2_family"": """", ""author_2_given"": """", ""author_3_family"": """", ""author_3_given"": """", ""author_4_family"": """", ""author_4_given"": """", ""doi"": """", ""edition"": """", ""editor_0_family"": """", ""editor_0_given"": """", ""editor_1_family"": """", ""editor_1_given"": """", ""id"": """", ""issue"": """", ""issued_date_parts_0_0"": """", ""issued_date_parts_0_1"": """", ""journal"": ""You Ask', Journal of Library Administration"", ""language"": ""en"", ""page"": ""387 – 395"", ""publisher"": """", ""publisher_place"": """", ""title"": ""'The Answer You Get Depends on Who (and What"", ""type"": ""article-journal"", ""url"": """", ""volume"": ""37:03:00""}"
reference-691,Integrating Evaluation and Needs Assessment: A Case Study of an Ergonomics Program,hkkalman,2016,2016,Journal article,,https://doi.org/10.1002/piq.21214,Articles and Chapters,en,Perf. Improvement Qrtly,,10.1002/piq.21214,51–69,29,,,,,Reference details recovered,"{""author_0_family"": ""Kalman"", ""author_0_given"": ""H.K."", ""author_1_family"": """", ""author_1_given"": """", ""author_2_family"": """", ""author_2_given"": """", ""author_3_family"": """", ""author_3_given"": """", ""author_4_family"": """", ""author_4_given"": """", ""doi"": ""10.1002/piq.21214"", ""edition"": """", ""editor_0_family"": """", ""editor_0_given"": """", ""editor_1_family"": """", ""editor_1_given"": """", ""id"": """", ""issue"": """", ""issued_date_parts_0_0"": ""2016"", ""issued_date_parts_0_1"": """", ""journal"": ""Perf. Improvement Qrtly"", ""language"": ""en"", ""page"": ""51–69"", ""publisher"": """", ""publisher_place"": """", ""title"": ""Integrating Evaluation and Needs Assessment: A Case Study of an Ergonomics Program"", ""type"": ""article-journal"", ""url"": """", ""volume"": ""29""}"
reference-692,A witness for the defense of needs assessment,ekamis,1979,1979,Journal article,,https://doi.org/10.1037/e452002006-001,Articles and Chapters,en,Evaluation and Program Planning,,https://doi.org/10.1037/e452002006-001,7–12,2,,,,,Reference details recovered,"{""author_0_family"": ""Kamis"", ""author_0_given"": ""E."", ""author_1_family"": """", ""author_1_given"": """", ""author_2_family"": """", ""author_2_given"": """", ""author_3_family"": """", ""author_3_given"": """", ""author_4_family"": """", ""author_4_given"": """", ""doi"": """", ""edition"": """", ""editor_0_family"": """", ""editor_0_given"": """", ""editor_1_family"": """", ""editor_1_given"": """", ""id"": """", ""issue"": """", ""issued_date_parts_0_0"": ""1979"", ""issued_date_parts_0_1"": """", ""journal"": ""Evaluation and Program Planning"", ""language"": ""en"", ""page"": ""7–12"", ""publisher"": """", ""publisher_place"": """", ""title"": ""A witness for the defense of needs assessment"", ""type"": ""article-journal"", ""url"": """", ""volume"": ""2""}"
reference-913,"Getting serious about results and payoffs: We are what we say, do",rkaufmanrwatkins,2000,2000,Journal article,,https://doi.org/10.1002/pfi.4140390409,Articles and Chapters,en,and deliver. Performance Improvement Journal,,https://doi.org/10.1002/pfi.4140390409,23–32,39,4,,,,Reference details recovered,"{""author_0_family"": ""Kaufman"", ""author_0_given"": ""R."", ""author_1_family"": ""Watkins"", ""author_1_given"": ""R."", ""author_2_family"": """", ""author_2_given"": """", ""author_3_family"": """", ""author_3_given"": """", ""author_4_family"": """", ""author_4_given"": """", ""doi"": """", ""edition"": """", ""editor_0_family"": """", ""editor_0_given"": """", ""editor_1_family"": """", ""editor_1_given"": """", ""id"": """", ""issue"": ""4"", ""issued_date_parts_0_0"": ""2000"", ""issued_date_parts_0_1"": """", ""journal"": ""and deliver. Performance Improvement Journal"", ""language"": ""en"", ""page"": ""23–32"", ""publisher"": """", ""publisher_place"": """", ""title"": ""Getting serious about results and payoffs: We are what we say, do"", ""type"": ""article-journal"", ""url"": """", ""volume"": ""39""}"
reference-clean-030,Identifying and specifying requirements for instruction,rkaufmansthiagarajan,1987,1987,Chapter,,,Articles and Chapters,en,Instructional technology:Foundations,"NJ: Lawrence Erlbaum Associates, Inc",,113–140,,,,Gagne R.M.,,Catalog record,"{""author_0_family"": ""Kaufman"", ""author_0_given"": ""R."", ""author_1_family"": ""Thiagarajan"", ""author_1_given"": ""S."", ""author_2_family"": """", ""author_2_given"": """", ""author_3_family"": """", ""author_3_given"": """", ""author_4_family"": """", ""author_4_given"": """", ""doi"": """", ""edition"": """", ""editor_0_family"": ""R.M."", ""editor_0_given"": ""Gagne"", ""editor_1_family"": """", ""editor_1_given"": """", ""id"": """", ""issue"": """", ""issued_date_parts_0_0"": ""1987"", ""issued_date_parts_0_1"": """", ""journal"": ""Instructional technology:Foundations"", ""language"": ""en"", ""page"": ""113–140"", ""publisher"": ""NJ: Lawrence Erlbaum Associates, Inc"", ""publisher_place"": ""Hillsdale"", ""title"": ""Identifying and specifying requirements for instruction"", ""type"": ""chapter"", ""url"": """", ""volume"": """"}"
reference-clean-031,Needs Assessment,rkaufmanrwatkins,1999,1999,Chapter,,,Articles and Chapters,en,The Resource Guide to Performance Interventions,Jossey-Bass,,,,,,Langdon D.,,Catalog record,"{""author_0_family"": ""Kaufman"", ""author_0_given"": ""R."", ""author_1_family"": ""Watkins"", ""author_1_given"": ""R."", ""author_2_family"": """", ""author_2_given"": """", ""author_3_family"": """", ""author_3_given"": """", ""author_4_family"": """", ""author_4_given"": """", ""doi"": """", ""edition"": """", ""editor_0_family"": ""D."", ""editor_0_given"": ""Langdon"", ""editor_1_family"": """", ""editor_1_given"": """", ""id"": """", ""issue"": """", ""issued_date_parts_0_0"": ""1999"", ""issued_date_parts_0_1"": """", ""journal"": ""The Resource Guide to Performance Interventions"", ""language"": ""en"", ""page"": """", ""publisher"": ""Jossey-Bass"", ""publisher_place"": ""San Francisco, CA"", ""title"": ""Needs Assessment"", ""type"": ""chapter"", ""url"": """", ""volume"": """"}"
reference-clean-032,"Mega Planning: A framework for integrating strategic planning, needs assessment, quality management, benchmarking, and reengineering",rkaufmanrwatkins,1996,1996,Chapter,,,Articles and Chapters,en,The HR Handbook,HRD Press,,,1,,,Jones J.E.; E. Biech,,Catalog record,"{""author_0_family"": ""Kaufman"", ""author_0_given"": ""R."", ""author_1_family"": ""Watkins"", ""author_1_given"": ""R."", ""author_2_family"": """", ""author_2_given"": """", ""author_3_family"": """", ""author_3_given"": """", ""author_4_family"": """", ""author_4_given"": """", ""doi"": """", ""edition"": """", ""editor_0_family"": ""J.E."", ""editor_0_given"": ""Jones"", ""editor_1_family"": ""Biech"", ""editor_1_given"": ""E."", ""id"": """", ""issue"": """", ""issued_date_parts_0_0"": ""1996"", ""issued_date_parts_0_1"": """", ""journal"": ""The HR Handbook"", ""language"": ""en"", ""page"": """", ""publisher"": ""HRD Press"", ""publisher_place"": ""Amherst MA"", ""title"": ""Mega Planning: A framework for integrating strategic planning, needs assessment, quality management, benchmarking, and reengineering"", ""type"": ""chapter"", ""url"": """", ""volume"": ""1""}"
reference-914,"The Changing Corporate Mind: Organizations, vision, mission, purposes, and indicators on the move toward societal payoffs. Performance",rkaufmanmstithdandwatkinstrinerr,1998,1998,Journal article,,https://doi.org/10.1111/j.1937-8327.1998.tb00098.x,Articles and Chapters,en,Improvement Quarterly,,https://doi.org/10.1111/j.1937-8327.1998.tb00098.x,32–34,11,3,,,,Reference details recovered,"{""author_0_family"": ""Kaufman"", ""author_0_given"": ""R."", ""author_1_family"": ""Stith"", ""author_1_given"": ""M."", ""author_2_family"": ""Triner"", ""author_2_given"": ""D.And Watkins"", ""author_3_family"": """", ""author_3_given"": ""R."", ""author_4_family"": """", ""author_4_given"": """", ""doi"": """", ""edition"": """", ""editor_0_family"": """", ""editor_0_given"": """", ""editor_1_family"": """", ""editor_1_given"": """", ""id"": """", ""issue"": ""3"", ""issued_date_parts_0_0"": ""1998"", ""issued_date_parts_0_1"": """", ""journal"": ""Improvement Quarterly"", ""language"": ""en"", ""page"": ""32–34"", ""publisher"": """", ""publisher_place"": """", ""title"": ""The Changing Corporate Mind: Organizations, vision, mission, purposes, and indicators on the move toward societal payoffs. Performance"", ""type"": ""article-journal"", ""url"": """", ""volume"": ""11""}"
reference-698,A Possible taxonomy for needs assessment,rkaufman,1977,1977,Book,,,Books,en,,Educational Technology,,60–64,,,,,,Listing only,"{""author_0_family"": ""Kaufman"", ""author_0_given"": ""R."", ""author_1_family"": """", ""author_1_given"": """", ""author_2_family"": """", ""author_2_given"": """", ""author_3_family"": """", ""author_3_given"": """", ""author_4_family"": """", ""author_4_given"": """", ""doi"": """", ""edition"": """", ""editor_0_family"": """", ""editor_0_given"": """", ""editor_1_family"": """", ""editor_1_given"": """", ""id"": """", ""issue"": """", ""issued_date_parts_0_0"": ""1977"", ""issued_date_parts_0_1"": ""11"", ""journal"": """", ""language"": ""en"", ""page"": ""60–64"", ""publisher"": ""Educational Technology"", ""publisher_place"": """", ""title"": ""A Possible taxonomy for needs assessment"", ""type"": ""book"", ""url"": """", ""volume"": """"}"
reference-699,Needs assessment: Internal and external,rkaufman,1977,1977,Journal article,,https://doi.org/10.1891/9780826174420.0003,Articles and Chapters,pt,Journal of Instructional Development,,https://doi.org/10.1891/9780826174420.0003,,1,1,5-8.  (Also reprint,,,Reference details recovered,"{""author_0_family"": ""Kaufman"", ""author_0_given"": ""R."", ""author_1_family"": """", ""author_1_given"": """", ""author_2_family"": """", ""author_2_given"": """", ""author_3_family"": """", ""author_3_given"": """", ""author_4_family"": """", ""author_4_given"": """", ""doi"": """", ""edition"": ""5-8.  (Also reprint"", ""editor_0_family"": """", ""editor_0_given"": """", ""editor_1_family"": """", ""editor_1_given"": """", ""id"": """", ""issue"": ""1"", ""issued_date_parts_0_0"": ""1977"", ""issued_date_parts_0_1"": """", ""journal"": ""Journal of Instructional Development"", ""language"": ""pt"", ""page"": """", ""publisher"": """", ""publisher_place"": """", ""title"": ""Needs assessment: Internal and external"", ""type"": ""article-journal"", ""url"": """", ""volume"": ""1""}"
reference-915,"Relating needs assessment, program development, implementation and evaluation",rkaufmanrgstakenasjcwagerhmayer,1981,1981,Journal article,,https://doi.org/10.1002/hrdq.3920010411,Articles and Chapters,pt,Journal of Instructional Development,,https://doi.org/10.1002/hrdq.3920010411,17–26,4,4,,,,Reference details recovered,"{""author_0_family"": ""Kaufman"", ""author_0_given"": ""R."", ""author_1_family"": ""Stakenas"", ""author_1_given"": ""R.G."", ""author_2_family"": ""Wager"", ""author_2_given"": ""J.C."", ""author_3_family"": ""Mayer"", ""author_3_given"": ""H."", ""author_4_family"": """", ""author_4_given"": """", ""doi"": """", ""edition"": """", ""editor_0_family"": """", ""editor_0_given"": """", ""editor_1_family"": """", ""editor_1_given"": """", ""id"": """", ""issue"": ""4"", ""issued_date_parts_0_0"": ""1981"", ""issued_date_parts_0_1"": """", ""journal"": ""Journal of Instructional Development"", ""language"": ""pt"", ""page"": ""17–26"", ""publisher"": """", ""publisher_place"": """", ""title"": ""Relating needs assessment, program development, implementation and evaluation"", ""type"": ""article-journal"", ""url"": """", ""volume"": ""4""}"
reference-clean-033,"Obtaining functional results: Relating needs assessment, needs analysis, and objectives",rkaufman,1986,1986,Book,,,Books,en,,Educational Technology,,24–27,,,,,,Catalog record,"{""author_0_family"": ""Kaufman"", ""author_0_given"": ""R."", ""author_1_family"": """", ""author_1_given"": """", ""author_2_family"": """", ""author_2_given"": """", ""author_3_family"": """", ""author_3_given"": """", ""author_4_family"": """", ""author_4_given"": """", ""doi"": """", ""edition"": """", ""editor_0_family"": """", ""editor_0_given"": """", ""editor_1_family"": """", ""editor_1_given"": """", ""id"": """", ""issue"": """", ""issued_date_parts_0_0"": ""1986"", ""issued_date_parts_0_1"": """", ""journal"": """", ""language"": ""en"", ""page"": ""24–27"", ""publisher"": ""Educational Technology"", ""publisher_place"": """", ""title"": ""Obtaining functional results: Relating needs assessment, needs analysis, and objectives"", ""type"": ""book"", ""url"": """", ""volume"": """"}"
reference-702,A needs assessment primer,rkaufman,1987,1987,Journal article,,,Articles and Chapters,pt,Training & Development Journal,,,,,,,,,Listing only,"{""author_0_family"": ""Kaufman"", ""author_0_given"": ""R."", ""author_1_family"": """", ""author_1_given"": """", ""author_2_family"": """", ""author_2_given"": """", ""author_3_family"": """", ""author_3_given"": """", ""author_4_family"": """", ""author_4_given"": """", ""doi"": """", ""edition"": """", ""editor_0_family"": """", ""editor_0_given"": """", ""editor_1_family"": """", ""editor_1_given"": """", ""id"": """", ""issue"": """", ""issued_date_parts_0_0"": ""1987"", ""issued_date_parts_0_1"": ""10"", ""journal"": ""Training & Development Journal"", ""language"": ""pt"", ""page"": """", ""publisher"": """", ""publisher_place"": """", ""title"": ""A needs assessment primer"", ""type"": ""article-journal"", ""url"": """", ""volume"": """"}"
reference-703,Needs assessment: A menu,rkaufman,1988,1988,Journal article,,,Articles and Chapters,en,Performance & Instruction Journal,,,,,,,,,Listing only,"{""author_0_family"": ""Kaufman"", ""author_0_given"": ""R."", ""author_1_family"": """", ""author_1_given"": """", ""author_2_family"": """", ""author_2_given"": """", ""author_3_family"": """", ""author_3_given"": """", ""author_4_family"": """", ""author_4_given"": """", ""doi"": """", ""edition"": """", ""editor_0_family"": """", ""editor_0_given"": """", ""editor_1_family"": """", ""editor_1_given"": """", ""id"": """", ""issue"": """", ""issued_date_parts_0_0"": ""1988"", ""issued_date_parts_0_1"": ""7"", ""journal"": ""Performance & Instruction Journal"", ""language"": ""en"", ""page"": """", ""publisher"": """", ""publisher_place"": """", ""title"": ""Needs assessment: A menu"", ""type"": ""article-journal"", ""url"": """", ""volume"": """"}"
reference-704,September).  Needs assessment: More than questionnaires,rkaufman,1989,1989,Journal article,,,Articles and Chapters,en,Training & Development Journal,,,,,,,,,Listing only,"{""author_0_family"": ""Kaufman"", ""author_0_given"": ""R."", ""author_1_family"": """", ""author_1_given"": """", ""author_2_family"": """", ""author_2_given"": """", ""author_3_family"": """", ""author_3_given"": """", ""author_4_family"": """", ""author_4_given"": """", ""doi"": """", ""edition"": """", ""editor_0_family"": """", ""editor_0_given"": """", ""editor_1_family"": """", ""editor_1_given"": """", ""id"": """", ""issue"": """", ""issued_date_parts_0_0"": ""1989"", ""issued_date_parts_0_1"": """", ""journal"": ""Training & Development Journal"", ""language"": ""en"", ""page"": """", ""publisher"": """", ""publisher_place"": """", ""title"": ""September).  Needs assessment: More than questionnaires"", ""type"": ""article-journal"", ""url"": """", ""volume"": """"}"
reference-705,Winter).  Relating evaluation and needs assessment,rkaufman,1990,1990,Journal article,,,Articles and Chapters,en,Human Resource Development Quarterly,,,405–408,1,4,,,,Listing only,"{""author_0_family"": ""Kaufman"", ""author_0_given"": ""R."", ""author_1_family"": """", ""author_1_given"": """", ""author_2_family"": """", ""author_2_given"": """", ""author_3_family"": """", ""author_3_given"": """", ""author_4_family"": """", ""author_4_given"": """", ""doi"": """", ""edition"": """", ""editor_0_family"": """", ""editor_0_given"": """", ""editor_1_family"": """", ""editor_1_given"": """", ""id"": """", ""issue"": ""4"", ""issued_date_parts_0_0"": ""1990"", ""issued_date_parts_0_1"": """", ""journal"": ""Human Resource Development Quarterly"", ""language"": ""en"", ""page"": ""405–408"", ""publisher"": """", ""publisher_place"": """", ""title"": ""Winter).  Relating evaluation and needs assessment"", ""type"": ""article-journal"", ""url"": """", ""volume"": ""1""}"
reference-706,February).  A Needs Assessment Audit,rkaufman,1994,1994,Book,,,Books,en,,Performance & Instruction,,,,,,,,Reference details recovered,"{""author_0_family"": ""Kaufman"", ""author_0_given"": ""R."", ""author_1_family"": """", ""author_1_given"": """", ""author_2_family"": """", ""author_2_given"": """", ""author_3_family"": """", ""author_3_given"": """", ""author_4_family"": """", ""author_4_given"": """", ""doi"": """", ""edition"": """", ""editor_0_family"": """", ""editor_0_given"": """", ""editor_1_family"": """", ""editor_1_given"": """", ""id"": """", ""issue"": """", ""issued_date_parts_0_0"": ""1994"", ""issued_date_parts_0_1"": """", ""journal"": """", ""language"": ""en"", ""page"": """", ""publisher"": ""Performance & Instruction"", ""publisher_place"": """", ""title"": ""February).  A Needs Assessment Audit"", ""type"": ""book"", ""url"": """", ""volume"": """"}"
reference-916,"Needs Assessment and Analysis.  Chapter 87 in Tracey, W",rkaufman,1994,1994,Journal article,,,Articles and Chapters,en,R. Human Resources Management & Development Handbook,American Management Association,,,,,2nd.,,,Listing only,"{""author_0_family"": ""Kaufman"", ""author_0_given"": ""R."", ""author_1_family"": """", ""author_1_given"": """", ""author_2_family"": """", ""author_2_given"": """", ""author_3_family"": """", ""author_3_given"": """", ""author_4_family"": """", ""author_4_given"": """", ""doi"": """", ""edition"": ""2nd."", ""editor_0_family"": """", ""editor_0_given"": """", ""editor_1_family"": """", ""editor_1_given"": """", ""id"": """", ""issue"": """", ""issued_date_parts_0_0"": ""1994"", ""issued_date_parts_0_1"": """", ""journal"": ""R. Human Resources Management & Development Handbook"", ""language"": ""en"", ""page"": """", ""publisher"": ""American Management Association"", ""publisher_place"": ""New York"", ""title"": ""Needs Assessment and Analysis.  Chapter 87 in Tracey, W"", ""type"": ""article-journal"", ""url"": """", ""volume"": """"}"
reference-917,Auditing Your Needs Assessment,rkaufman,1994,1994,Journal article,,,Articles and Chapters,en,Training & Development,,,,"48, Number 2",,,,,Listing only,"{""author_0_family"": ""Kaufman"", ""author_0_given"": ""R."", ""author_1_family"": """", ""author_1_given"": """", ""author_2_family"": """", ""author_2_given"": """", ""author_3_family"": """", ""author_3_given"": """", ""author_4_family"": """", ""author_4_given"": """", ""doi"": """", ""edition"": """", ""editor_0_family"": """", ""editor_0_given"": """", ""editor_1_family"": """", ""editor_1_given"": """", ""id"": """", ""issue"": """", ""issued_date_parts_0_0"": ""1994"", ""issued_date_parts_0_1"": """", ""journal"": "" Training & Development"", ""language"": ""en"", ""page"": """", ""publisher"": """", ""publisher_place"": """", ""title"": ""Auditing Your Needs Assessment "", ""type"": ""article-journal"", ""url"": """", ""volume"": ""48, Number 2""}"
reference-clean-034,Needs Assessment Basics,rkaufman,1997,1997,Chapter,,,Articles and Chapters,en,1997).  The Handbook for Performance Improvement,Pfeiffer & Co/Division of Jossey-Bass,,,,,,Kaufman R.; S. Thiagarajan,,Catalog record,"{""author_0_family"": ""Kaufman"", ""author_0_given"": ""R."", ""author_1_family"": """", ""author_1_given"": """", ""author_2_family"": """", ""author_2_given"": """", ""author_3_family"": """", ""author_3_given"": """", ""author_4_family"": """", ""author_4_given"": """", ""doi"": """", ""edition"": """", ""editor_0_family"": ""R."", ""editor_0_given"": ""Kaufman"", ""editor_1_family"": ""Thiagarajan"", ""editor_1_given"": ""S."", ""id"": """", ""issue"": """", ""issued_date_parts_0_0"": ""1997"", ""issued_date_parts_0_1"": """", ""journal"": ""1997).  The Handbook for Performance Improvement"", ""language"": ""en"", ""page"": """", ""publisher"": ""Pfeiffer & Co/Division of Jossey-Bass"", ""publisher_place"": ""San Francisco, CA"", ""title"": ""Needs Assessment Basics"", ""type"": ""chapter"", ""url"": """", ""volume"": """"}"
reference-710,Needs and Needs Assessment in Career Guidance and Counselling: Lack of Scientific Exploration and Justification?,jkavale,2012,2012,Journal article,,,Articles and Chapters,en,Indian Journal of Career and Livelihood Planning,,,28–35,1,1,,,,Listing only,"{""author_0_family"": ""Kavale"", ""author_0_given"": ""J."", ""author_1_family"": """", ""author_1_given"": """", ""author_2_family"": """", ""author_2_given"": """", ""author_3_family"": """", ""author_3_given"": """", ""author_4_family"": """", ""author_4_given"": """", ""doi"": """", ""edition"": """", ""editor_0_family"": """", ""editor_0_given"": """", ""editor_1_family"": """", ""editor_1_given"": """", ""id"": """", ""issue"": ""1"", ""issued_date_parts_0_0"": ""2012"", ""issued_date_parts_0_1"": """", ""journal"": ""Indian Journal of Career and Livelihood Planning"", ""language"": ""en"", ""page"": ""28–35"", ""publisher"": """", ""publisher_place"": """", ""title"": ""Needs and Needs Assessment in Career Guidance and Counselling: Lack of Scientific Exploration and Justification?"", ""type"": ""article-journal"", ""url"": """", ""volume"": ""1""}"
reference-711,Needs Assessment and Technology Assessment: Crucial Steps in Technology Transfer to Developing Countries,kykebedekfmulder,2008,2008,Journal article,,https://doi.org/10.22215/etd/2004-05821,Articles and Chapters,pt,"Revista Internacional de Sostenibilidad, Tecnologia y Humanismo",,https://doi.org/10.22215/etd/2004-05821,85–104,3,,,,,Reference details recovered,"{""author_0_family"": ""Kebede"", ""author_0_given"": ""K.Y."", ""author_1_family"": ""Mulder"", ""author_1_given"": ""K.F."", ""author_2_family"": """", ""author_2_given"": """", ""author_3_family"": """", ""author_3_given"": """", ""author_4_family"": """", ""author_4_given"": """", ""doi"": """", ""edition"": """", ""editor_0_family"": """", ""editor_0_given"": """", ""editor_1_family"": """", ""editor_1_given"": """", ""id"": """", ""issue"": """", ""issued_date_parts_0_0"": ""2008"", ""issued_date_parts_0_1"": """", ""journal"": ""Revista Internacional de Sostenibilidad, Tecnologia y Humanismo"", ""language"": ""pt"", ""page"": ""85–104"", ""publisher"": """", ""publisher_place"": """", ""title"": ""Needs Assessment and Technology Assessment: Crucial Steps in Technology Transfer to Developing Countries"", ""type"": ""article-journal"", ""url"": """", ""volume"": ""3""}"
reference-712,Multi-method needs assessment optimizes learning,dkeisterhgrames,2012,2012,Journal article,,,Articles and Chapters,en,The Clinical Teacher,,,295–298,9,5,,,,Listing only,"{""author_0_family"": ""Keister"", ""author_0_given"": ""D."", ""author_1_family"": ""Grames"", ""author_1_given"": ""H."", ""author_2_family"": """", ""author_2_given"": """", ""author_3_family"": """", ""author_3_given"": """", ""author_4_family"": """", ""author_4_given"": """", ""doi"": """", ""edition"": """", ""editor_0_family"": """", ""editor_0_given"": """", ""editor_1_family"": """", ""editor_1_given"": """", ""id"": """", ""issue"": ""5"", ""issued_date_parts_0_0"": ""2012"", ""issued_date_parts_0_1"": """", ""journal"": ""The Clinical Teacher"", ""language"": ""en"", ""page"": ""295–298"", ""publisher"": """", ""publisher_place"": """", ""title"": ""Multi-method needs assessment optimizes learning"", ""type"": ""article-journal"", ""url"": """", ""volume"": ""9""}"
reference-713,Identifying the health service needs of homeless adults with physical disabilities,mekehnpshotkroll,2013,2013,Journal article,,,Articles and Chapters,en,Public Health,,,785–787,127,8,,,,Listing only,"{""author_0_family"": ""Kehn"", ""author_0_given"": ""M.E."", ""author_1_family"": ""Ho"", ""author_1_given"": ""P.S."", ""author_2_family"": ""Kroll"", ""author_2_given"": ""T."", ""author_3_family"": """", ""author_3_given"": """", ""author_4_family"": """", ""author_4_given"": """", ""doi"": """", ""edition"": """", ""editor_0_family"": """", ""editor_0_given"": """", ""editor_1_family"": """", ""editor_1_given"": """", ""id"": """", ""issue"": ""8"", ""issued_date_parts_0_0"": ""2013"", ""issued_date_parts_0_1"": """", ""journal"": ""Public Health"", ""language"": ""en"", ""page"": ""785–787"", ""publisher"": """", ""publisher_place"": """", ""title"": ""Identifying the health service needs of homeless adults with physical disabilities"", ""type"": ""article-journal"", ""url"": """", ""volume"": ""127""}"
reference-714,Consumer Survey as a Needs Assessment Method: A Case Study,rkilburg,1978,1978,Journal article,,http://dx.doi.org/0149-7189/78/040285-08$02.00/0,Articles and Chapters,en,Evaluation and Program Planning,,https://doi.org/10.1016/0149-7189(78)90052-6,285–291,1,,,,,Reference details recovered,"{""author_0_family"": ""Kilburg"", ""author_0_given"": ""R."", ""author_1_family"": """", ""author_1_given"": """", ""author_2_family"": """", ""author_2_given"": """", ""author_3_family"": """", ""author_3_given"": """", ""author_4_family"": """", ""author_4_given"": """", ""doi"": """", ""edition"": """", ""editor_0_family"": """", ""editor_0_given"": """", ""editor_1_family"": """", ""editor_1_given"": """", ""id"": """", ""issue"": """", ""issued_date_parts_0_0"": ""1978"", ""issued_date_parts_0_1"": """", ""journal"": ""Evaluation and Program Planning"", ""language"": ""en"", ""page"": ""285–291"", ""publisher"": """", ""publisher_place"": """", ""title"": ""Consumer Survey as a Needs Assessment Method: A Case Study"", ""type"": ""article-journal"", ""url"": ""http://dx.doi.org/0149-7189/78/040285-08$02.00/0"", ""volume"": ""1""}"
reference-715,Needs assessment recommendations for practice from the field,kpkingmojakuta,2002,2002,Journal article,,,Articles and Chapters,en,A case study. Adult Basic Education,,,157–172,12,,,,,Listing only,"{""author_0_family"": ""King"", ""author_0_given"": ""K.P."", ""author_1_family"": ""Jakuta"", ""author_1_given"": ""M.O."", ""author_2_family"": """", ""author_2_given"": """", ""author_3_family"": """", ""author_3_given"": """", ""author_4_family"": """", ""author_4_given"": """", ""doi"": """", ""edition"": """", ""editor_0_family"": """", ""editor_0_given"": """", ""editor_1_family"": """", ""editor_1_given"": """", ""id"": """", ""issue"": """", ""issued_date_parts_0_0"": ""2002"", ""issued_date_parts_0_1"": """", ""journal"": ""A case study. Adult Basic Education"", ""language"": ""en"", ""page"": ""157–172"", ""publisher"": """", ""publisher_place"": """", ""title"": ""Needs assessment recommendations for practice from the field"", ""type"": ""article-journal"", ""url"": """", ""volume"": ""12""}"
reference-716,The Community Needs Assessment: Analyzing the Not-For-Profit Market”,nking,1997,1997,Journal article,,https://doi.org/10.1093/acprof:royes/9780195368789.003.0004,Articles and Chapters,en,Nursing Homes,,https://doi.org/10.1093/acprof:royes/9780195368789.003.0004,23–26,46,2,,,,Reference details recovered,"{""author_0_family"": ""King"", ""author_0_given"": ""N."", ""author_1_family"": """", ""author_1_given"": """", ""author_2_family"": """", ""author_2_given"": """", ""author_3_family"": """", ""author_3_given"": """", ""author_4_family"": """", ""author_4_given"": """", ""doi"": """", ""edition"": """", ""editor_0_family"": """", ""editor_0_given"": """", ""editor_1_family"": """", ""editor_1_given"": """", ""id"": """", ""issue"": ""2"", ""issued_date_parts_0_0"": ""1997"", ""issued_date_parts_0_1"": """", ""journal"": ""Nursing Homes"", ""language"": ""en"", ""page"": ""23–26"", ""publisher"": """", ""publisher_place"": """", ""title"": ""The Community Needs Assessment: Analyzing the Not-For-Profit Market”"", ""type"": ""article-journal"", ""url"": """", ""volume"": ""46""}"
reference-918,"Determining training needs: four simple and effective approaches""",dlkirkpatrick,1977,1977,Journal article,,https://doi.org/10.4324/9780203084953-13,Articles and Chapters,en,Training and Development Journal,,https://doi.org/10.4324/9780203084953-13,22–5,31,2,,,,Reference details recovered,"{""author_0_family"": ""Kirkpatrick"", ""author_0_given"": ""D.L."", ""author_1_family"": """", ""author_1_given"": """", ""author_2_family"": """", ""author_2_given"": """", ""author_3_family"": """", ""author_3_given"": """", ""author_4_family"": """", ""author_4_given"": """", ""doi"": """", ""edition"": """", ""editor_0_family"": """", ""editor_0_given"": """", ""editor_1_family"": """", ""editor_1_given"": """", ""id"": """", ""issue"": ""2"", ""issued_date_parts_0_0"": ""1977"", ""issued_date_parts_0_1"": """", ""journal"": ""Training and Development Journal"", ""language"": ""en"", ""page"": ""22–5"", ""publisher"": """", ""publisher_place"": """", ""title"": ""Determining training needs: four simple and effective approaches\"""", ""type"": ""article-journal"", ""url"": """", ""volume"": ""31""}"
reference-919,Determining societal needs for distance education in tomorrow's global village,tdknott,1992,1992,Journal article,,,Articles and Chapters,en,Educational Media International,,,162–164,29,,,,,Listing only,"{""author_0_family"": ""Knott"", ""author_0_given"": ""T.D."", ""author_1_family"": """", ""author_1_given"": """", ""author_2_family"": """", ""author_2_given"": """", ""author_3_family"": """", ""author_3_given"": """", ""author_4_family"": """", ""author_4_given"": """", ""doi"": """", ""edition"": """", ""editor_0_family"": """", ""editor_0_given"": """", ""editor_1_family"": """", ""editor_1_given"": """", ""id"": """", ""issue"": """", ""issued_date_parts_0_0"": ""1992"", ""issued_date_parts_0_1"": ""9"", ""journal"": ""Educational Media International"", ""language"": ""en"", ""page"": ""162–164"", ""publisher"": """", ""publisher_place"": """", ""title"": ""Determining societal needs for distance education in tomorrow's global village"", ""type"": ""article-journal"", ""url"": """", ""volume"": ""29""}"
reference-719,Consolidating Needs assessment and evaluation: Saving time and money,skorth,2001,2001,Journal article,,,Articles and Chapters,en,Performance Improvement,,,38–43,40,1,,,,Listing only,"{""author_0_family"": ""Korth"", ""author_0_given"": ""S."", ""author_1_family"": """", ""author_1_given"": """", ""author_2_family"": """", ""author_2_given"": """", ""author_3_family"": """", ""author_3_given"": """", ""author_4_family"": """", ""author_4_given"": """", ""doi"": """", ""edition"": """", ""editor_0_family"": """", ""editor_0_given"": """", ""editor_1_family"": """", ""editor_1_given"": """", ""id"": """", ""issue"": ""1"", ""issued_date_parts_0_0"": ""2001"", ""issued_date_parts_0_1"": """", ""journal"": ""Performance Improvement"", ""language"": ""en"", ""page"": ""38–43"", ""publisher"": """", ""publisher_place"": """", ""title"": ""Consolidating Needs assessment and evaluation: Saving time and money"", ""type"": ""article-journal"", ""url"": """", ""volume"": ""40""}"
reference-clean-035,Conceptualising Needs to Enhance Organisational Learning and Enable Knowledge-Based Innovation. Procedia Computer Science,fkragulj,2016,2016,Catalog record,,,Articles and Chapters,en,,,,225 – 242,99,,,,,Catalog record,"{""author_0_family"": ""Kragulj"", ""author_0_given"": ""F."", ""author_1_family"": """", ""author_1_given"": """", ""author_2_family"": """", ""author_2_given"": """", ""author_3_family"": """", ""author_3_given"": """", ""author_4_family"": """", ""author_4_given"": """", ""doi"": """", ""edition"": """", ""editor_0_family"": """", ""editor_0_given"": """", ""editor_1_family"": """", ""editor_1_given"": """", ""id"": """", ""issue"": """", ""issued_date_parts_0_0"": ""2016"", ""issued_date_parts_0_1"": """", ""journal"": """", ""language"": ""en"", ""page"": ""225 – 242"", ""publisher"": """", ""publisher_place"": """", ""title"": ""Conceptualising Needs to Enhance Organisational Learning and Enable Knowledge-Based Innovation. Procedia Computer Science"", ""type"": """", ""url"": """", ""volume"": ""99""}"
reference-721,Need satisfaction mechanism linking volunteer motivation and life satisfaction: A mediation study of volunteers’ subjective well-being,yykwokwhchuilpwong,2012,2012,Journal article,,https://doi.org/10.1007/s11205-012-0204-8,Articles and Chapters,en,Social Indicators Research,,10.1007/s11205-012-0204-8,1315–1329,114,,,,,Listing only,"{""author_0_family"": ""Kwok"", ""author_0_given"": ""Y.Y."", ""author_1_family"": ""Chui"", ""author_1_given"": ""W.H."", ""author_2_family"": ""Wong"", ""author_2_given"": ""L.P."", ""author_3_family"": """", ""author_3_given"": """", ""author_4_family"": """", ""author_4_given"": """", ""doi"": ""10.1007/s11205-012-0204-8"", ""edition"": """", ""editor_0_family"": """", ""editor_0_given"": """", ""editor_1_family"": """", ""editor_1_given"": """", ""id"": """", ""issue"": """", ""issued_date_parts_0_0"": ""2012"", ""issued_date_parts_0_1"": """", ""journal"": ""Social Indicators Research"", ""language"": ""en"", ""page"": ""1315–1329"", ""publisher"": """", ""publisher_place"": """", ""title"": ""Need satisfaction mechanism linking volunteer motivation and life satisfaction: A mediation study of volunteers’ subjective well-being"", ""type"": ""article-journal"", ""url"": """", ""volume"": ""114""}"
reference-722,Web‐Based Instruction for Education Faculty: A Needs Assessment. Journal of,jlan,2001,2001,Journal article,,,Articles and Chapters,en,Research on Computing in Education,,,385,33,4,,,,Listing only,"{""author_0_family"": ""Lan"", ""author_0_given"": ""J."", ""author_1_family"": """", ""author_1_given"": """", ""author_2_family"": """", ""author_2_given"": """", ""author_3_family"": """", ""author_3_given"": """", ""author_4_family"": """", ""author_4_given"": """", ""doi"": """", ""edition"": """", ""editor_0_family"": """", ""editor_0_given"": """", ""editor_1_family"": """", ""editor_1_given"": """", ""id"": """", ""issue"": ""4"", ""issued_date_parts_0_0"": ""2001"", ""issued_date_parts_0_1"": """", ""journal"": ""Research on Computing in Education"", ""language"": ""en"", ""page"": ""385"", ""publisher"": """", ""publisher_place"": """", ""title"": ""Web‐Based Instruction for Education Faculty: A Needs Assessment. Journal of"", ""type"": ""article-journal"", ""url"": """", ""volume"": ""33""}"
reference-723,Needs Assessment of the Elderly,lslareau,1983,1983,Journal article,,,Articles and Chapters,en,Conclusions and Methodological Approaches. The Gerontologist,,,518–526,23,,,,,Listing only,"{""author_0_family"": ""Lareau"", ""author_0_given"": ""L.S."", ""author_1_family"": """", ""author_1_given"": """", ""author_2_family"": """", ""author_2_given"": """", ""author_3_family"": """", ""author_3_given"": """", ""author_4_family"": """", ""author_4_given"": """", ""doi"": """", ""edition"": """", ""editor_0_family"": """", ""editor_0_given"": """", ""editor_1_family"": """", ""editor_1_given"": """", ""id"": """", ""issue"": """", ""issued_date_parts_0_0"": ""1983"", ""issued_date_parts_0_1"": """", ""journal"": ""Conclusions and Methodological Approaches. The Gerontologist"", ""language"": ""en"", ""page"": ""518–526"", ""publisher"": """", ""publisher_place"": """", ""title"": ""Needs Assessment of the Elderly"", ""type"": ""article-journal"", ""url"": """", ""volume"": ""23""}"
reference-clean-036,"Library instruction needs assessment: Designing survey instruments. Research Strategies, 7(3)119–128",blawton,1989,1989,Catalog record,,,Articles and Chapters,en,,,,,,,,,,Catalog record,"{""author_0_family"": ""Lawton"", ""author_0_given"": ""B."", ""author_1_family"": """", ""author_1_given"": """", ""author_2_family"": """", ""author_2_given"": """", ""author_3_family"": """", ""author_3_given"": """", ""author_4_family"": """", ""author_4_given"": """", ""doi"": """", ""edition"": """", ""editor_0_family"": """", ""editor_0_given"": """", ""editor_1_family"": """", ""editor_1_given"": """", ""id"": """", ""issue"": """", ""issued_date_parts_0_0"": ""1989"", ""issued_date_parts_0_1"": """", ""journal"": """", ""language"": ""en"", ""page"": """", ""publisher"": """", ""publisher_place"": """", ""title"": ""Library instruction needs assessment: Designing survey instruments. Research Strategies, 7(3)119–128"", ""type"": """", ""url"": """", ""volume"": """"}"
reference-725,Needs assessment in continuing medical education: a practical guide,oelaxdal,1982,1982,Journal article,,https://doi.org/10.1097/00001888-198211000-00002,Articles and Chapters,en,Journal of Medical Education,,https://doi.org/10.1097/00001888-198211000-00002,827–834,57,,,,,Reference details recovered,"{""author_0_family"": ""Laxdal"", ""author_0_given"": ""O.E."", ""author_1_family"": """", ""author_1_given"": """", ""author_2_family"": """", ""author_2_given"": """", ""author_3_family"": """", ""author_3_given"": """", ""author_4_family"": """", ""author_4_given"": """", ""doi"": """", ""edition"": """", ""editor_0_family"": """", ""editor_0_given"": """", ""editor_1_family"": """", ""editor_1_given"": """", ""id"": """", ""issue"": """", ""issued_date_parts_0_0"": ""1982"", ""issued_date_parts_0_1"": """", ""journal"": ""Journal of Medical Education"", ""language"": ""en"", ""page"": ""827–834"", ""publisher"": """", ""publisher_place"": """", ""title"": ""Needs assessment in continuing medical education: a practical guide"", ""type"": ""article-journal"", ""url"": """", ""volume"": ""57""}"
reference-726,Training needs analysis: weaknesses in the conventional approach,michaeljamesleatmurrayjacklovell,1997,1997,Journal article,,https://doi.org/10.1108/03090599710171396,Articles and Chapters,en,Journal of European Industrial Training,,https://doi.org/10.1108/03090599710171396,143–153,21,4,,,,Reference details recovered,"{""author_0_family"": ""Leat"", ""author_0_given"": ""Michael James"", ""author_1_family"": ""Lovell"", ""author_1_given"": ""Murray Jack"", ""author_2_family"": """", ""author_2_given"": """", ""author_3_family"": """", ""author_3_given"": """", ""author_4_family"": """", ""author_4_given"": """", ""doi"": """", ""edition"": """", ""editor_0_family"": """", ""editor_0_given"": """", ""editor_1_family"": """", ""editor_1_given"": """", ""id"": """", ""issue"": ""4"", ""issued_date_parts_0_0"": ""1997"", ""issued_date_parts_0_1"": """", ""journal"": ""Journal of European Industrial Training"", ""language"": ""en"", ""page"": ""143–153"", ""publisher"": """", ""publisher_place"": """", ""title"": ""Training needs analysis: weaknesses in the conventional approach"", ""type"": ""article-journal"", ""url"": """", ""volume"": ""21""}"
reference-727,Linking needs assessment to performance based evaluation,wleekroadman,1991,1991,Journal article,,,Articles and Chapters,en,Performance + Instruction,,,4–6,30,,,,,Listing only,"{""author_0_family"": ""Lee"", ""author_0_given"": ""W."", ""author_1_family"": ""Roadman"", ""author_1_given"": ""K."", ""author_2_family"": """", ""author_2_given"": """", ""author_3_family"": """", ""author_3_given"": """", ""author_4_family"": """", ""author_4_given"": """", ""doi"": """", ""edition"": """", ""editor_0_family"": """", ""editor_0_given"": """", ""editor_1_family"": """", ""editor_1_given"": """", ""id"": """", ""issue"": """", ""issued_date_parts_0_0"": ""1991"", ""issued_date_parts_0_1"": """", ""journal"": ""Performance + Instruction"", ""language"": ""en"", ""page"": ""4–6"", ""publisher"": """", ""publisher_place"": """", ""title"": ""Linking needs assessment to performance based evaluation"", ""type"": ""article-journal"", ""url"": """", ""volume"": ""30""}"
reference-728,Problems in needs assessment data: Discrepancy analysis,yfleejwaltschuldjlwhite,2007,2007,Journal article,,https://doi.org/10.1016/j.evalprogplan.2007.05.005,Articles and Chapters,da,Evaluation and Program Planning,,https://doi.org/10.1016/j.evalprogplan.2007.05.005,258–266,30,3,,,,Reference details recovered,"{""author_0_family"": ""Lee"", ""author_0_given"": ""Y.-F."", ""author_1_family"": ""Altschuld"", ""author_1_given"": ""J.W."", ""author_2_family"": ""White"", ""author_2_given"": ""J.L."", ""author_3_family"": """", ""author_3_given"": """", ""author_4_family"": """", ""author_4_given"": """", ""doi"": """", ""edition"": """", ""editor_0_family"": """", ""editor_0_given"": """", ""editor_1_family"": """", ""editor_1_given"": """", ""id"": """", ""issue"": ""3"", ""issued_date_parts_0_0"": ""2007"", ""issued_date_parts_0_1"": """", ""journal"": "" Evaluation and Program Planning"", ""language"": ""da"", ""page"": ""258–266"", ""publisher"": """", ""publisher_place"": """", ""title"": "" Problems in needs assessment data: Discrepancy analysis"", ""type"": ""article-journal"", ""url"": """", ""volume"": ""30""}"
reference-729,Effects of the participation of multiple stakeholders in identifying and interpreting perceived needs. Evaluation and,yfleejwaltschuldjlwhite,2007,2007,Journal article,,https://doi.org/10.1016/j.evalprogplan.2006.10.001,Articles and Chapters,en,Program Planning,,https://doi.org/10.1016/j.evalprogplan.2006.10.001,1–9,30,1,,,,Reference details recovered,"{""author_0_family"": ""Lee"", ""author_0_given"": ""Y.-F."", ""author_1_family"": ""Altschuld"", ""author_1_given"": ""J.W."", ""author_2_family"": ""White"", ""author_2_given"": ""J.L."", ""author_3_family"": """", ""author_3_given"": """", ""author_4_family"": """", ""author_4_given"": """", ""doi"": """", ""edition"": """", ""editor_0_family"": """", ""editor_0_given"": """", ""editor_1_family"": """", ""editor_1_given"": """", ""id"": """", ""issue"": ""1"", ""issued_date_parts_0_0"": ""2007"", ""issued_date_parts_0_1"": """", ""journal"": ""Program Planning"", ""language"": ""en"", ""page"": ""1–9"", ""publisher"": """", ""publisher_place"": """", ""title"": "" Effects of the participation of multiple stakeholders in identifying and interpreting perceived needs. Evaluation and"", ""type"": ""article-journal"", ""url"": """", ""volume"": ""30""}"
reference-730,Alternate models of needs assessment: Selecting the right one for your organization. Human,dleighrwatkinswplattrkaufman,2000,2000,Journal article,,https://doi.org/<a href='https://doi.org/10.1002/1532-1096(200021)11:13.0.co;2-a' target='_blank'>https://doi.org/10.1002/1532-1096(200021)11:13.0.co;2-a,Articles and Chapters,en,Resource Development Quarterly,,<a href='https://doi.org/10.1002/1532-1096(200021)11:13.0.co;2-a' target='_blank'>https://doi.org/10.1002/1532-1096(200021)11:13.0.co;2-a,87–93,11,1,,,,Reference details recovered,"{""author_0_family"": ""Leigh"", ""author_0_given"": ""D."", ""author_1_family"": ""Watkins"", ""author_1_given"": ""R."", ""author_2_family"": ""Platt"", ""author_2_given"": ""W."", ""author_3_family"": ""Kaufman"", ""author_3_given"": ""R."", ""author_4_family"": """", ""author_4_given"": """", ""doi"": """", ""edition"": """", ""editor_0_family"": """", ""editor_0_given"": """", ""editor_1_family"": """", ""editor_1_given"": """", ""id"": """", ""issue"": ""1"", ""issued_date_parts_0_0"": ""2000"", ""issued_date_parts_0_1"": """", ""journal"": ""Resource Development Quarterly"", ""language"": ""en"", ""page"": ""87–93"", ""publisher"": """", ""publisher_place"": """", ""title"": ""Alternate models of needs assessment: Selecting the right one for your organization. Human"", ""type"": ""article-journal"", ""url"": """", ""volume"": ""11""}"
reference-731,Needs assessment readiness checklist,dleigh,2004,2004,Book,,,Books,en,,Active Training / American Society for Training and Development (ASTD,,,,,,Silberman M.,,Reference details recovered,"{""author_0_family"": ""Leigh"", ""author_0_given"": ""D."", ""author_1_family"": """", ""author_1_given"": """", ""author_2_family"": """", ""author_2_given"": """", ""author_3_family"": """", ""author_3_given"": """", ""author_4_family"": """", ""author_4_given"": """", ""doi"": """", ""edition"": """", ""editor_0_family"": ""M."", ""editor_0_given"": ""Silberman"", ""editor_1_family"": """", ""editor_1_given"": """", ""id"": """", ""issue"": """", ""issued_date_parts_0_0"": ""2004"", ""issued_date_parts_0_1"": """", ""journal"": """", ""language"": ""en"", ""page"": """", ""publisher"": ""Active Training / American Society for Training and Development (ASTD"", ""publisher_place"": ""Princeton, NJ"", ""title"": ""Needs assessment readiness checklist"", ""type"": ""book"", ""url"": """", ""volume"": """"}"
reference-732,Needs assessments to determine training requirements,tlepickiaboggs,2014,2014,Journal article,,,Articles and Chapters,fr,New Directions for Evaluation,,,61–74,144,,,Altschuld J.W.; R. Watkins,,Listing only,"{""author_0_family"": ""Lepicki"", ""author_0_given"": ""T."", ""author_1_family"": ""Boggs"", ""author_1_given"": ""A."", ""author_2_family"": """", ""author_2_given"": """", ""author_3_family"": """", ""author_3_given"": """", ""author_4_family"": """", ""author_4_given"": """", ""doi"": """", ""edition"": """", ""editor_0_family"": ""J.W."", ""editor_0_given"": ""Altschuld"", ""editor_1_family"": ""Watkins"", ""editor_1_given"": ""R."", ""id"": """", ""issue"": """", ""issued_date_parts_0_0"": ""2014"", ""issued_date_parts_0_1"": """", ""journal"": ""New Directions for Evaluation"", ""language"": ""fr"", ""page"": ""61–74"", ""publisher"": """", ""publisher_place"": """", ""title"": ""Needs assessments to determine training requirements"", ""type"": ""article-journal"", ""url"": """", ""volume"": ""144""}"
reference-clean-037,Proposing a needs assessment model for academic program development,slevineejoseph,1987,1987,Catalog record,,,Articles and Chapters,en,,Saginaw Valley State College,,,,,,,,Catalog record,"{""author_0_family"": ""Levine"", ""author_0_given"": ""S."", ""author_1_family"": ""Joseph"", ""author_1_given"": ""E."", ""author_2_family"": """", ""author_2_given"": """", ""author_3_family"": """", ""author_3_given"": """", ""author_4_family"": """", ""author_4_given"": """", ""doi"": """", ""edition"": """", ""editor_0_family"": """", ""editor_0_given"": """", ""editor_1_family"": """", ""editor_1_given"": """", ""id"": """", ""issue"": """", ""issued_date_parts_0_0"": ""1987"", ""issued_date_parts_0_1"": """", ""journal"": """", ""language"": ""en"", ""page"": """", ""publisher"": ""Saginaw Valley State College"", ""publisher_place"": ""Saginaw, MI"", ""title"": ""Proposing a needs assessment model for academic program development"", ""type"": """", ""url"": """", ""volume"": """"}"
reference-clean-038,Needs Assessment: A critical reappraisal. Performance Improvement Quarterly. 5(4,tlewisdbjorkquist,1992,1992,Catalog record,,,Articles and Chapters,en,,,,33–54,,,,,,Catalog record,"{""author_0_family"": ""Lewis"", ""author_0_given"": ""T."", ""author_1_family"": ""Bjorkquist"", ""author_1_given"": ""D."", ""author_2_family"": """", ""author_2_given"": """", ""author_3_family"": """", ""author_3_given"": """", ""author_4_family"": """", ""author_4_given"": """", ""doi"": """", ""edition"": """", ""editor_0_family"": """", ""editor_0_given"": """", ""editor_1_family"": """", ""editor_1_given"": """", ""id"": """", ""issue"": """", ""issued_date_parts_0_0"": ""1992"", ""issued_date_parts_0_1"": """", ""journal"": """", ""language"": ""en"", ""page"": ""33–54"", ""publisher"": """", ""publisher_place"": """", ""title"": ""Needs Assessment: A critical reappraisal. Performance Improvement Quarterly. 5(4"", ""type"": """", ""url"": """", ""volume"": """"}"
reference-735,A consultative training program: Collateral effect of a needs assessment,khlucier,2008,2008,Journal article,,https://doi.org/10.1080/03634520802094305,Articles and Chapters,en,Communication Education,,https://doi.org/10.1080/03634520802094305,482–489,57,4,,,,Reference details recovered,"{""author_0_family"": ""Lucier"", ""author_0_given"": ""K.H."", ""author_1_family"": """", ""author_1_given"": """", ""author_2_family"": """", ""author_2_given"": """", ""author_3_family"": """", ""author_3_given"": """", ""author_4_family"": """", ""author_4_given"": """", ""doi"": """", ""edition"": """", ""editor_0_family"": """", ""editor_0_given"": """", ""editor_1_family"": """", ""editor_1_given"": """", ""id"": """", ""issue"": ""4"", ""issued_date_parts_0_0"": ""2008"", ""issued_date_parts_0_1"": """", ""journal"": ""Communication Education"", ""language"": ""en"", ""page"": ""482–489"", ""publisher"": """", ""publisher_place"": """", ""title"": ""A consultative training program: Collateral effect of a needs assessment"", ""type"": ""article-journal"", ""url"": """", ""volume"": ""57""}"
reference-clean-039,"Data gathering and analysis for needs assessment: A case study. Performance Improvement, 49: 27–34",clundbergjleldermanpferrelllharper,2010,2010,Catalog record,,,Articles and Chapters,en,,,,,,,,,,Catalog record,"{""author_0_family"": ""Lundberg"", ""author_0_given"": ""C."", ""author_1_family"": ""Elderman"", ""author_1_given"": ""J.L."", ""author_2_family"": ""Ferrell"", ""author_2_given"": ""P."", ""author_3_family"": ""Harper"", ""author_3_given"": ""L."", ""author_4_family"": """", ""author_4_given"": """", ""doi"": """", ""edition"": """", ""editor_0_family"": """", ""editor_0_given"": """", ""editor_1_family"": """", ""editor_1_given"": """", ""id"": """", ""issue"": """", ""issued_date_parts_0_0"": ""2010"", ""issued_date_parts_0_1"": """", ""journal"": """", ""language"": ""en"", ""page"": """", ""publisher"": """", ""publisher_place"": """", ""title"": ""Data gathering and analysis for needs assessment: A case study. Performance Improvement, 49: 27–34"", ""type"": """", ""url"": """", ""volume"": """"}"
reference-737,Community needs assessment and development using the participatory research model,acmacaulayjgryan,2003,2003,Journal article,,,Articles and Chapters,en,Annals of Family Medicine,,,183–184,1,3,,,,Listing only,"{""author_0_family"": ""Macaulay"", ""author_0_given"": ""A.C."", ""author_1_family"": ""Ryan"", ""author_1_given"": ""J.G."", ""author_2_family"": """", ""author_2_given"": """", ""author_3_family"": """", ""author_3_given"": """", ""author_4_family"": """", ""author_4_given"": """", ""doi"": """", ""edition"": """", ""editor_0_family"": """", ""editor_0_given"": """", ""editor_1_family"": """", ""editor_1_given"": """", ""id"": """", ""issue"": ""3"", ""issued_date_parts_0_0"": ""2003"", ""issued_date_parts_0_1"": """", ""journal"": ""Annals of Family Medicine"", ""language"": ""en"", ""page"": ""183–184"", ""publisher"": """", ""publisher_place"": """", ""title"": ""Community needs assessment and development using the participatory research model"", ""type"": ""article-journal"", ""url"": """", ""volume"": ""1""}"
reference-738,A modified cluster-sampling method for post- disaster rapid assessment of needs,jmalilaywdflandersdbrogan,1996,1996,Journal article,,,Articles and Chapters,en,Bulletin of the World Health Organization,,,,74,4,,,,Listing only,"{""author_0_family"": ""Malilay"", ""author_0_given"": ""J."", ""author_1_family"": ""Flanders"", ""author_1_given"": ""W.D."", ""author_2_family"": ""Brogan"", ""author_2_given"": ""D."", ""author_3_family"": """", ""author_3_given"": """", ""author_4_family"": """", ""author_4_given"": """", ""doi"": """", ""edition"": """", ""editor_0_family"": """", ""editor_0_given"": """", ""editor_1_family"": """", ""editor_1_given"": """", ""id"": """", ""issue"": ""4"", ""issued_date_parts_0_0"": ""1996"", ""issued_date_parts_0_1"": """", ""journal"": ""Bulletin of the World Health Organization"", ""language"": ""en"", ""page"": """", ""publisher"": """", ""publisher_place"": """", ""title"": ""A modified cluster-sampling method for post- disaster rapid assessment of needs"", ""type"": ""article-journal"", ""url"": """", ""volume"": ""74""}"
reference-739,The role of needs assessment in program planning and evaluation,,1978,1978,Journal article,,https://doi.org/10.1016/j.evalprogplan.2012.10.001,Articles and Chapters,en,Journal of Special Education.12:143-151,,https://doi.org/10.1016/j.evalprogplan.2012.10.001,,,,,,,Reference details recovered,"{""author_0_family"": """", ""author_0_given"": """", ""author_1_family"": """", ""author_1_given"": """", ""author_2_family"": """", ""author_2_given"": """", ""author_3_family"": """", ""author_3_given"": """", ""author_4_family"": """", ""author_4_given"": """", ""doi"": """", ""edition"": """", ""editor_0_family"": """", ""editor_0_given"": """", ""editor_1_family"": """", ""editor_1_given"": """", ""id"": """", ""issue"": """", ""issued_date_parts_0_0"": ""1978"", ""issued_date_parts_0_1"": """", ""journal"": ""Journal of Special Education.12:143-151"", ""language"": ""en"", ""page"": """", ""publisher"": """", ""publisher_place"": """", ""title"": ""The role of needs assessment in program planning and evaluation"", ""type"": ""article-journal"", ""url"": """", ""volume"": """"}"
reference-740,Making sure the solutions are the right ones,gmartin,2009,2009,Journal article,,https://doi.org/10.1017/cbo9780511481666.018,Articles and Chapters,en,Training needs analysis. Training and Development in Australia,,https://doi.org/10.1017/cbo9780511481666.018,18,36,2,,,,Reference details recovered,"{""author_0_family"": ""Martin"", ""author_0_given"": ""G."", ""author_1_family"": """", ""author_1_given"": """", ""author_2_family"": """", ""author_2_given"": """", ""author_3_family"": """", ""author_3_given"": """", ""author_4_family"": """", ""author_4_given"": """", ""doi"": """", ""edition"": """", ""editor_0_family"": """", ""editor_0_given"": """", ""editor_1_family"": """", ""editor_1_given"": """", ""id"": """", ""issue"": ""2"", ""issued_date_parts_0_0"": ""2009"", ""issued_date_parts_0_1"": """", ""journal"": ""Training needs analysis. Training and Development in Australia"", ""language"": ""en"", ""page"": ""18"", ""publisher"": """", ""publisher_place"": """", ""title"": ""Making sure the solutions are the right ones"", ""type"": ""article-journal"", ""url"": """", ""volume"": ""36""}"
reference-741,Whom shall we help?,eemartinezbrawleyjblundall,1991,1991,Journal article,,,Articles and Chapters,en,Attitudes about need and services. Social Work,,,315–321,36,4,,,,Listing only,"{""author_0_family"": ""Martinez-Brawley"", ""author_0_given"": ""E.E."", ""author_1_family"": ""Blundall"", ""author_1_given"": ""J."", ""author_2_family"": """", ""author_2_given"": """", ""author_3_family"": """", ""author_3_given"": """", ""author_4_family"": """", ""author_4_given"": """", ""doi"": """", ""edition"": """", ""editor_0_family"": """", ""editor_0_given"": """", ""editor_1_family"": """", ""editor_1_given"": """", ""id"": """", ""issue"": ""4"", ""issued_date_parts_0_0"": ""1991"", ""issued_date_parts_0_1"": """", ""journal"": ""Attitudes about need and services. Social Work"", ""language"": ""en"", ""page"": ""315–321"", ""publisher"": """", ""publisher_place"": """", ""title"": ""Whom shall we help?"", ""type"": ""article-journal"", ""url"": """", ""volume"": ""36""}"
reference-742,Quality training: Needs and evaluation - findings from a European survey,bpmathewsauenotkekalemrepkazlpereira,2001,2001,Journal article,,https://doi.org/10.1080/09544120123778,Articles and Chapters,en,Total Quality Management,,https://doi.org/10.1080/09544120123778,4–5 483–490,12,,,,,Reference details recovered,"{""author_0_family"": ""Mathews"", ""author_0_given"": ""B.P."", ""author_1_family"": ""Ueno"", ""author_1_given"": ""A."", ""author_2_family"": ""Kekale"", ""author_2_given"": ""T."", ""author_3_family"": ""Repka"", ""author_3_given"": ""M."", ""author_4_family"": ""Pereira"", ""author_4_given"": ""Z.L."", ""doi"": """", ""edition"": """", ""editor_0_family"": """", ""editor_0_given"": """", ""editor_1_family"": """", ""editor_1_given"": """", ""id"": """", ""issue"": """", ""issued_date_parts_0_0"": ""2001"", ""issued_date_parts_0_1"": """", ""journal"": ""Total Quality Management"", ""language"": ""en"", ""page"": ""4–5 483–490"", ""publisher"": """", ""publisher_place"": """", ""title"": ""Quality training: Needs and evaluation - findings from a European survey"", ""type"": ""article-journal"", ""url"": """", ""volume"": ""12""}"
reference-743,Learning needs analysis of collaborative e- classes in semi-formal settings: The REVIT example,amavroudithadzilacos,2013,2013,Journal article,,,Articles and Chapters,en,The International Review of Research in Open and Distance Learning,,,,14,5,,,,Listing only,"{""author_0_family"": ""Mavroudi"", ""author_0_given"": ""A."", ""author_1_family"": ""Hadzilacos"", ""author_1_given"": ""T."", ""author_2_family"": """", ""author_2_given"": """", ""author_3_family"": """", ""author_3_given"": """", ""author_4_family"": """", ""author_4_given"": """", ""doi"": """", ""edition"": """", ""editor_0_family"": """", ""editor_0_given"": """", ""editor_1_family"": """", ""editor_1_given"": """", ""id"": """", ""issue"": ""5"", ""issued_date_parts_0_0"": ""2013"", ""issued_date_parts_0_1"": """", ""journal"": ""The International Review of Research in Open and Distance Learning"", ""language"": ""en"", ""page"": """", ""publisher"": """", ""publisher_place"": """", ""title"": ""Learning needs analysis of collaborative e- classes in semi-formal settings: The REVIT example"", ""type"": ""article-journal"", ""url"": """", ""volume"": ""14""}"
reference-clean-040,Conducting a needs assessment for your work group. Supervisory Management,gehmcardle,1996,1996,Catalog record,,,Articles and Chapters,en,,,,6 1,"v41, n3",,,,,Catalog record,"{""author_0_family"": ""McArdle"", ""author_0_given"": ""G.E.H."", ""author_1_family"": """", ""author_1_given"": """", ""author_2_family"": """", ""author_2_given"": """", ""author_3_family"": """", ""author_3_given"": """", ""author_4_family"": """", ""author_4_given"": """", ""doi"": """", ""edition"": """", ""editor_0_family"": """", ""editor_0_given"": """", ""editor_1_family"": """", ""editor_1_given"": """", ""id"": """", ""issue"": """", ""issued_date_parts_0_0"": ""1996"", ""issued_date_parts_0_1"": """", ""journal"": """", ""language"": ""en"", ""page"": ""6 1"", ""publisher"": """", ""publisher_place"": """", ""title"": ""Conducting a needs assessment for your work group. Supervisory Management"", ""type"": """", ""url"": """", ""volume"": ""v41, n3""}"
reference-clean-041,Assessing Target Group Needs. Improving agricultural extension. a reference manual,nlmccaslinjptibezinda,1997,1997,Catalog record,,http://www.fao.org/docrep/w5830e/w5830e07.htm,Articles and Chapters,en,,,,,,,,,,Catalog record,"{""author_0_family"": ""McCaslin"", ""author_0_given"": ""N.L."", ""author_1_family"": ""Tibezinda"", ""author_1_given"": ""J.P."", ""author_2_family"": """", ""author_2_given"": """", ""author_3_family"": """", ""author_3_given"": """", ""author_4_family"": """", ""author_4_given"": """", ""doi"": """", ""edition"": """", ""editor_0_family"": """", ""editor_0_given"": """", ""editor_1_family"": """", ""editor_1_given"": """", ""id"": """", ""issue"": """", ""issued_date_parts_0_0"": ""1997"", ""issued_date_parts_0_1"": """", ""journal"": """", ""language"": ""en"", ""page"": """", ""publisher"": """", ""publisher_place"": """", ""title"": ""Assessing Target Group Needs. Improving agricultural extension. a reference manual"", ""type"": """", ""url"": ""http://www.fao.org/docrep/w5830e/w5830e07.htm"", ""volume"": """"}"
reference-920,"Training needs assessment data-gathering methods: part 1, survey questionnaires. Journal of",sbmcclelland,1994,1994,Journal article,,,Articles and Chapters,en,European Industrial Training,,,22–26,18,1,,,,Listing only,"{""author_0_family"": ""McClelland"", ""author_0_given"": ""S.B."", ""author_1_family"": """", ""author_1_given"": """", ""author_2_family"": """", ""author_2_given"": """", ""author_3_family"": """", ""author_3_given"": """", ""author_4_family"": """", ""author_4_given"": """", ""doi"": """", ""edition"": """", ""editor_0_family"": """", ""editor_0_given"": """", ""editor_1_family"": """", ""editor_1_given"": """", ""id"": """", ""issue"": ""1"", ""issued_date_parts_0_0"": ""1994"", ""issued_date_parts_0_1"": """", ""journal"": ""European Industrial Training"", ""language"": ""en"", ""page"": ""22–26"", ""publisher"": """", ""publisher_place"": """", ""title"": ""Training needs assessment data-gathering methods: part 1, survey questionnaires. Journal of"", ""type"": ""article-journal"", ""url"": """", ""volume"": ""18""}"
reference-921,"Training Needs Assessment Data-gathering Methods:: Part 2 – Individual Interviews""",sbmcclelland,1994,1994,Journal article,,,Articles and Chapters,en,Journal of European Industrial Training,,,27 – 31,18,: 2,,,,Listing only,"{""author_0_family"": ""McClelland"", ""author_0_given"": ""S.B."", ""author_1_family"": """", ""author_1_given"": """", ""author_2_family"": """", ""author_2_given"": """", ""author_3_family"": """", ""author_3_given"": """", ""author_4_family"": """", ""author_4_given"": """", ""doi"": """", ""edition"": """", ""editor_0_family"": """", ""editor_0_given"": """", ""editor_1_family"": """", ""editor_1_given"": """", ""id"": """", ""issue"": "": 2"", ""issued_date_parts_0_0"": ""1994"", ""issued_date_parts_0_1"": """", ""journal"": ""Journal of European Industrial Training"", ""language"": ""en"", ""page"": ""27 – 31"", ""publisher"": """", ""publisher_place"": """", ""title"": ""Training Needs Assessment Data-gathering Methods:: Part 2 – Individual Interviews\"""", ""type"": ""article-journal"", ""url"": """", ""volume"": ""18""}"
reference-922,"Training needs assessment data-gathering methods: part 3, focus groups. Journal of",sbmcclelland,1994,1994,Journal article,,,Articles and Chapters,en,European Industrial Training,,,29–32,18,3,,,,Listing only,"{""author_0_family"": ""McClelland"", ""author_0_given"": ""S.B."", ""author_1_family"": """", ""author_1_given"": """", ""author_2_family"": """", ""author_2_given"": """", ""author_3_family"": """", ""author_3_given"": """", ""author_4_family"": """", ""author_4_given"": """", ""doi"": """", ""edition"": """", ""editor_0_family"": """", ""editor_0_given"": """", ""editor_1_family"": """", ""editor_1_given"": """", ""id"": """", ""issue"": ""3"", ""issued_date_parts_0_0"": ""1994"", ""issued_date_parts_0_1"": """", ""journal"": ""European Industrial Training"", ""language"": ""en"", ""page"": ""29–32"", ""publisher"": """", ""publisher_place"": """", ""title"": ""Training needs assessment data-gathering methods: part 3, focus groups. Journal of"", ""type"": ""article-journal"", ""url"": """", ""volume"": ""18""}"
reference-923,"Training Needs Assessment Data-gathering Methods:: Part 4, On-site Observations""",sbmcclelland,1994,1994,Journal article,,,Articles and Chapters,en,Journal of European Industrial Training,,,4 – 7,18,: 5,,,,Listing only,"{""author_0_family"": ""McClelland"", ""author_0_given"": ""S.B."", ""author_1_family"": """", ""author_1_given"": """", ""author_2_family"": """", ""author_2_given"": """", ""author_3_family"": """", ""author_3_given"": """", ""author_4_family"": """", ""author_4_given"": """", ""doi"": """", ""edition"": """", ""editor_0_family"": """", ""editor_0_given"": """", ""editor_1_family"": """", ""editor_1_given"": """", ""id"": """", ""issue"": "": 5"", ""issued_date_parts_0_0"": ""1994"", ""issued_date_parts_0_1"": """", ""journal"": ""Journal of European Industrial Training"", ""language"": ""en"", ""page"": ""4 – 7"", ""publisher"": """", ""publisher_place"": """", ""title"": ""Training Needs Assessment Data-gathering Methods:: Part 4, On-site Observations\"""", ""type"": ""article-journal"", ""url"": """", ""volume"": ""18""}"
reference-750,A systems approach to needs assessment. Training &,sbmcclelland,1992,1992,Journal article,,,Articles and Chapters,en,Development,,,51 3,"v46, n8",,,,,Listing only,"{""author_0_family"": ""McClelland"", ""author_0_given"": ""S.B."", ""author_1_family"": """", ""author_1_given"": """", ""author_2_family"": """", ""author_2_given"": """", ""author_3_family"": """", ""author_3_given"": """", ""author_4_family"": """", ""author_4_given"": """", ""doi"": """", ""edition"": """", ""editor_0_family"": """", ""editor_0_given"": """", ""editor_1_family"": """", ""editor_1_given"": """", ""id"": """", ""issue"": """", ""issued_date_parts_0_0"": ""1992"", ""issued_date_parts_0_1"": """", ""journal"": ""Development"", ""language"": ""en"", ""page"": ""51 3"", ""publisher"": """", ""publisher_place"": """", ""title"": ""A systems approach to needs assessment. Training &"", ""type"": ""article-journal"", ""url"": """", ""volume"": ""v46, n8""}"
reference-924,Training needs assessment: an 'open-systems',sbmcclelland,1993,1993,Journal article,,,Articles and Chapters,en,"application. Journal of European Industrial Training, v17",,,,"n1, p12(6",,,,,Listing only,"{""author_0_family"": ""McClelland"", ""author_0_given"": ""S.B."", ""author_1_family"": """", ""author_1_given"": """", ""author_2_family"": """", ""author_2_given"": """", ""author_3_family"": """", ""author_3_given"": """", ""author_4_family"": """", ""author_4_given"": """", ""doi"": """", ""edition"": """", ""editor_0_family"": """", ""editor_0_given"": """", ""editor_1_family"": """", ""editor_1_given"": """", ""id"": """", ""issue"": """", ""issued_date_parts_0_0"": ""1993"", ""issued_date_parts_0_1"": """", ""journal"": ""application. Journal of European Industrial Training, v17"", ""language"": ""en"", ""page"": """", ""publisher"": """", ""publisher_place"": """", ""title"": ""Training needs assessment: an 'open-systems'"", ""type"": ""article-journal"", ""url"": """", ""volume"": ""n1, p12(6""}"
reference-752,Assessing learning needs,jmckimmswanwickt,2009,2009,Journal article,,https://doi.org/10.1093/oxfordhb/9780195390483.013.0140,Articles and Chapters,en,British Journal of Hospital Medicine,,https://doi.org/10.1093/oxfordhb/9780195390483.013.0140,348–351,70,6,,,,Reference details recovered,"{""author_0_family"": ""McKimm"", ""author_0_given"": ""J."", ""author_1_family"": ""T"", ""author_1_given"": ""Swanwick"", ""author_2_family"": """", ""author_2_given"": """", ""author_3_family"": """", ""author_3_given"": """", ""author_4_family"": """", ""author_4_given"": """", ""doi"": """", ""edition"": """", ""editor_0_family"": """", ""editor_0_given"": """", ""editor_1_family"": """", ""editor_1_given"": """", ""id"": """", ""issue"": ""6"", ""issued_date_parts_0_0"": ""2009"", ""issued_date_parts_0_1"": """", ""journal"": ""British Journal of Hospital Medicine"", ""language"": ""en"", ""page"": ""348–351"", ""publisher"": """", ""publisher_place"": """", ""title"": ""Assessing learning needs"", ""type"": ""article-journal"", ""url"": """", ""volume"": ""70""}"
reference-753,Knowledge of need,skmcleod,2011,2011,Journal article,,,Articles and Chapters,en,International Journal of Philosophical Studies,,,211– 230,19,2,,,,Listing only,"{""author_0_family"": ""McLeod"", ""author_0_given"": ""S.K."", ""author_1_family"": """", ""author_1_given"": """", ""author_2_family"": """", ""author_2_given"": """", ""author_3_family"": """", ""author_3_given"": """", ""author_4_family"": """", ""author_4_given"": """", ""doi"": """", ""edition"": """", ""editor_0_family"": """", ""editor_0_given"": """", ""editor_1_family"": """", ""editor_1_given"": """", ""id"": """", ""issue"": ""2"", ""issued_date_parts_0_0"": ""2011"", ""issued_date_parts_0_1"": """", ""journal"": ""International Journal of Philosophical Studies"", ""language"": ""en"", ""page"": ""211– 230"", ""publisher"": """", ""publisher_place"": """", ""title"": ""Knowledge of need"", ""type"": ""article-journal"", ""url"": """", ""volume"": ""19""}"
reference-754,An assessment of the needs of mutual-help groups. American,gjmeissendfgleasonmgembree,1991,1991,Journal article,,,Articles and Chapters,en,Journal of Community Psychology,,,427–443,19,3,,,,Listing only,"{""author_0_family"": ""Meissen"", ""author_0_given"": ""G.J."", ""author_1_family"": ""Gleason"", ""author_1_given"": ""D.F."", ""author_2_family"": ""Embree"", ""author_2_given"": ""M.G."", ""author_3_family"": """", ""author_3_given"": """", ""author_4_family"": """", ""author_4_given"": """", ""doi"": """", ""edition"": """", ""editor_0_family"": """", ""editor_0_given"": """", ""editor_1_family"": """", ""editor_1_given"": """", ""id"": """", ""issue"": ""3"", ""issued_date_parts_0_0"": ""1991"", ""issued_date_parts_0_1"": """", ""journal"": ""Journal of Community Psychology"", ""language"": ""en"", ""page"": ""427–443"", ""publisher"": """", ""publisher_place"": """", ""title"": ""An assessment of the needs of mutual-help groups. American"", ""type"": ""article-journal"", ""url"": """", ""volume"": ""19""}"
reference-755,Needs Assessments and Business Case Analysis for Technology Investment Decisions. Government,rmiranda,2002,2002,Journal article,,,Articles and Chapters,en,Finance Review,,,12,18,5,,,,Listing only,"{""author_0_family"": ""Miranda"", ""author_0_given"": ""R."", ""author_1_family"": """", ""author_1_given"": """", ""author_2_family"": """", ""author_2_given"": """", ""author_3_family"": """", ""author_3_given"": """", ""author_4_family"": """", ""author_4_given"": """", ""doi"": """", ""edition"": """", ""editor_0_family"": """", ""editor_0_given"": """", ""editor_1_family"": """", ""editor_1_given"": """", ""id"": """", ""issue"": ""5"", ""issued_date_parts_0_0"": ""2002"", ""issued_date_parts_0_1"": """", ""journal"": ""Finance Review"", ""language"": ""en"", ""page"": ""12"", ""publisher"": """", ""publisher_place"": """", ""title"": ""Needs Assessments and Business Case Analysis for Technology Investment Decisions. Government"", ""type"": ""article-journal"", ""url"": """", ""volume"": ""18""}"
reference-756,Educational Needs Assessment for Design/Build Project Delivery. Journal of Professional Issues in Engineering Education &,kmolenaarbsaller,2003,2003,Journal article,,,Articles and Chapters,en,Practice,,,106,129,2,,,,Listing only,"{""author_0_family"": ""Molenaar"", ""author_0_given"": ""K."", ""author_1_family"": ""Saller"", ""author_1_given"": ""B."", ""author_2_family"": """", ""author_2_given"": """", ""author_3_family"": """", ""author_3_given"": """", ""author_4_family"": """", ""author_4_given"": """", ""doi"": """", ""edition"": """", ""editor_0_family"": """", ""editor_0_given"": """", ""editor_1_family"": """", ""editor_1_given"": """", ""id"": """", ""issue"": ""2"", ""issued_date_parts_0_0"": ""2003"", ""issued_date_parts_0_1"": """", ""journal"": ""Practice"", ""language"": ""en"", ""page"": ""106"", ""publisher"": """", ""publisher_place"": """", ""title"": ""Educational Needs Assessment for Design/Build Project Delivery. Journal of Professional Issues in Engineering Education &"", ""type"": ""article-journal"", ""url"": """", ""volume"": ""129""}"
reference-757,Assessment: a Critique of Philosophical Assumptions. Adult,mmonette,1979,1979,Journal article,,,Articles and Chapters,en,Education Quarterly,,,83,29,,,,,Listing only,"{""author_0_family"": ""Monette"", ""author_0_given"": ""M."", ""author_1_family"": """", ""author_1_given"": """", ""author_2_family"": """", ""author_2_given"": """", ""author_3_family"": """", ""author_3_given"": """", ""author_4_family"": """", ""author_4_given"": """", ""doi"": """", ""edition"": """", ""editor_0_family"": """", ""editor_0_given"": """", ""editor_1_family"": """", ""editor_1_given"": """", ""id"": """", ""issue"": """", ""issued_date_parts_0_0"": ""1979"", ""issued_date_parts_0_1"": """", ""journal"": ""Education Quarterly"", ""language"": ""en"", ""page"": ""83"", ""publisher"": """", ""publisher_place"": """", ""title"": ""Assessment: a Critique of Philosophical Assumptions. Adult"", ""type"": ""article-journal"", ""url"": """", ""volume"": ""29""}"
reference-758,Achieving Desired Results and Improved Outcomes: Integrating Planning and Assessment Throughout Learning Activities,demoorejsgreenhagallis,2009,2009,Journal article,,https://doi.org/10.1002/chp.20001,Articles and Chapters,en,The Journal of Continuing Education in the Health Professions,,https://doi.org/10.1002/chp.20001,1–15,29,,,,,Reference details recovered,"{""author_0_family"": ""Moore"", ""author_0_given"": ""D.E."", ""author_1_family"": ""Green"", ""author_1_given"": ""J.S."", ""author_2_family"": ""Gallis"", ""author_2_given"": ""H.A."", ""author_3_family"": """", ""author_3_given"": """", ""author_4_family"": """", ""author_4_given"": """", ""doi"": """", ""edition"": """", ""editor_0_family"": """", ""editor_0_given"": """", ""editor_1_family"": """", ""editor_1_given"": """", ""id"": """", ""issue"": """", ""issued_date_parts_0_0"": ""2009"", ""issued_date_parts_0_1"": """", ""journal"": ""The Journal of Continuing Education in the Health Professions"", ""language"": ""en"", ""page"": ""1–15"", ""publisher"": """", ""publisher_place"": """", ""title"": ""Achieving Desired Results and Improved Outcomes: Integrating Planning and Assessment Throughout Learning Activities"", ""type"": ""article-journal"", ""url"": """", ""volume"": ""29""}"
reference-925,"A Mixed-Methods, Multiprofessional Approach to Needs Assessment for Designing Education",hkmooremtmckethenaeholthusen,2011,2011,Journal article,,,Articles and Chapters,en,Journal of Continuing Education in the Health Professions,,,220–221,31,,,,,Listing only,"{""author_0_family"": ""Moore"", ""author_0_given"": ""H.K."", ""author_1_family"": ""McKethen"", ""author_1_given"": ""M.T."", ""author_2_family"": ""Holthusen"", ""author_2_given"": ""A.E."", ""author_3_family"": """", ""author_3_given"": """", ""author_4_family"": """", ""author_4_given"": """", ""doi"": """", ""edition"": """", ""editor_0_family"": """", ""editor_0_given"": """", ""editor_1_family"": """", ""editor_1_given"": """", ""id"": """", ""issue"": """", ""issued_date_parts_0_0"": ""2011"", ""issued_date_parts_0_1"": """", ""journal"": ""Journal of Continuing Education in the Health Professions"", ""language"": ""en"", ""page"": ""220–221"", ""publisher"": """", ""publisher_place"": """", ""title"": ""A Mixed-Methods, Multiprofessional Approach to Needs Assessment for Designing Education"", ""type"": ""article-journal"", ""url"": """", ""volume"": ""31""}"
reference-760,Training needs analysis: Review and critique,mmoorepdutton,1978,1978,Journal article,,https://doi.org/10.5465/amr.1978.4305749,Articles and Chapters,en,Academy of Management. The Academy of Management Review,,https://doi.org/10.5465/amr.1978.4305749,532,3,,,,,Reference details recovered,"{""author_0_family"": ""Moore"", ""author_0_given"": ""M."", ""author_1_family"": ""Dutton"", ""author_1_given"": ""P."", ""author_2_family"": """", ""author_2_given"": """", ""author_3_family"": """", ""author_3_given"": """", ""author_4_family"": """", ""author_4_given"": """", ""doi"": """", ""edition"": """", ""editor_0_family"": """", ""editor_0_given"": """", ""editor_1_family"": """", ""editor_1_given"": """", ""id"": """", ""issue"": """", ""issued_date_parts_0_0"": ""1978"", ""issued_date_parts_0_1"": ""7"", ""journal"": ""Academy of Management. The Academy of Management Review"", ""language"": ""en"", ""page"": ""532"", ""publisher"": """", ""publisher_place"": """", ""title"": ""Training needs analysis: Review and critique"", ""type"": ""article-journal"", ""url"": """", ""volume"": ""3""}"
reference-761,Assessment: An Ongoing Process for School Improvement. In Wall,cmoorethomasberford,2003,2003,Book,,,Books,en,,"Counselors, and Administrators. Austin, TX:Pro-Ed Publications",,,,,,J. Walz; G.,,Reference details recovered,"{""author_0_family"": ""Moore‐Thomas"", ""author_0_given"": ""C."", ""author_1_family"": ""Erford"", ""author_1_given"": ""B."", ""author_2_family"": """", ""author_2_given"": """", ""author_3_family"": """", ""author_3_given"": """", ""author_4_family"": """", ""author_4_given"": """", ""doi"": """", ""edition"": """", ""editor_0_family"": ""Walz"", ""editor_0_given"": ""J."", ""editor_1_family"": """", ""editor_1_given"": ""G."", ""id"": """", ""issue"": """", ""issued_date_parts_0_0"": ""2003"", ""issued_date_parts_0_1"": """", ""journal"": """", ""language"": ""en"", ""page"": """", ""publisher"": ""Counselors, and Administrators. Austin, TX:Pro-Ed Publications"", ""publisher_place"": """", ""title"": ""Assessment: An Ongoing Process for School Improvement. In Wall"", ""type"": ""book"", ""url"": """", ""volume"": """"}"
reference-762,Determining organizational training needs,rmorano,1973,1973,Journal article,,https://doi.org/10.1111/j.1744-6570.1973.tb01151.x,Articles and Chapters,en,Personnel Psychology,,https://doi.org/10.1111/j.1744-6570.1973.tb01151.x,479–487,26. 4,,,,,Reference details recovered,"{""author_0_family"": ""Morano"", ""author_0_given"": ""R."", ""author_1_family"": """", ""author_1_given"": """", ""author_2_family"": """", ""author_2_given"": """", ""author_3_family"": """", ""author_3_given"": """", ""author_4_family"": """", ""author_4_given"": """", ""doi"": """", ""edition"": """", ""editor_0_family"": """", ""editor_0_given"": """", ""editor_1_family"": """", ""editor_1_given"": """", ""id"": """", ""issue"": """", ""issued_date_parts_0_0"": ""1973"", ""issued_date_parts_0_1"": """", ""journal"": ""Personnel Psychology"", ""language"": ""en"", ""page"": ""479–487"", ""publisher"": """", ""publisher_place"": """", ""title"": ""Determining organizational training needs"", ""type"": ""article-journal"", ""url"": """", ""volume"": ""26. 4""}"
reference-clean-042,Needs Assessments Across Disciplines. Performance Improvement Quarterly. 7(1,jmoseleymheaney,1994,1994,Catalog record,,,Articles and Chapters,en,,,,60–79,,,,,,Catalog record,"{""author_0_family"": ""Moseley"", ""author_0_given"": ""J."", ""author_1_family"": ""Heaney"", ""author_1_given"": ""M."", ""author_2_family"": """", ""author_2_given"": """", ""author_3_family"": """", ""author_3_given"": """", ""author_4_family"": """", ""author_4_given"": """", ""doi"": """", ""edition"": """", ""editor_0_family"": """", ""editor_0_given"": """", ""editor_1_family"": """", ""editor_1_given"": """", ""id"": """", ""issue"": """", ""issued_date_parts_0_0"": ""1994"", ""issued_date_parts_0_1"": """", ""journal"": """", ""language"": ""en"", ""page"": ""60–79"", ""publisher"": """", ""publisher_place"": """", ""title"": ""Needs Assessments Across Disciplines. Performance Improvement Quarterly. 7(1"", ""type"": """", ""url"": """", ""volume"": """"}"
reference-clean-043,Seven Cures to Skipping the Needs Assessment. Training and Develeopment,nmullervroberts,2010,2010,Catalog record,,,Articles and Chapters,en,,,,32–34,64,3,,,,Catalog record,"{""author_0_family"": ""Muller"", ""author_0_given"": ""N."", ""author_1_family"": ""Roberts"", ""author_1_given"": ""V."", ""author_2_family"": """", ""author_2_given"": """", ""author_3_family"": """", ""author_3_given"": """", ""author_4_family"": """", ""author_4_given"": """", ""doi"": """", ""edition"": """", ""editor_0_family"": """", ""editor_0_given"": """", ""editor_1_family"": """", ""editor_1_given"": """", ""id"": """", ""issue"": ""3"", ""issued_date_parts_0_0"": ""2010"", ""issued_date_parts_0_1"": """", ""journal"": """", ""language"": ""en"", ""page"": ""32–34"", ""publisher"": """", ""publisher_place"": """", ""title"": ""Seven Cures to Skipping the Needs Assessment. Training and Develeopment"", ""type"": """", ""url"": """", ""volume"": ""64""}"
reference-765,The objective assessment of general practitioners’ educational needs: an under-researched area?,pmyers,1999,1999,Journal article,,https://doi.org/10.1093/fampra/cmaa022,Articles and Chapters,en,British Journal of General Practice,,https://doi.org/10.1093/fampra/cmaa022,303–307,49,,,,,Reference details recovered,"{""author_0_family"": ""Myers"", ""author_0_given"": ""P."", ""author_1_family"": """", ""author_1_given"": """", ""author_2_family"": """", ""author_2_given"": """", ""author_3_family"": """", ""author_3_given"": """", ""author_4_family"": """", ""author_4_given"": """", ""doi"": """", ""edition"": """", ""editor_0_family"": """", ""editor_0_given"": """", ""editor_1_family"": """", ""editor_1_given"": """", ""id"": """", ""issue"": """", ""issued_date_parts_0_0"": ""1999"", ""issued_date_parts_0_1"": """", ""journal"": ""British Journal of General Practice"", ""language"": ""en"", ""page"": ""303–307"", ""publisher"": """", ""publisher_place"": """", ""title"": ""The objective assessment of general practitioners’ educational needs: an under-researched area?"", ""type"": ""article-journal"", ""url"": """", ""volume"": ""49""}"
reference-clean-044,Up-front assessment of needs,pnaess,2009,2009,Chapter,,,Articles and Chapters,en,Making essential choices with scant information,Palgrave MacMillan,,85–105,,,,Williams T.; K. Samset,,Catalog record,"{""author_0_family"": ""Naess"", ""author_0_given"": ""P."", ""author_1_family"": """", ""author_1_given"": """", ""author_2_family"": """", ""author_2_given"": """", ""author_3_family"": """", ""author_3_given"": """", ""author_4_family"": """", ""author_4_given"": """", ""doi"": """", ""edition"": """", ""editor_0_family"": ""T."", ""editor_0_given"": ""Williams"", ""editor_1_family"": ""Samset"", ""editor_1_given"": ""K."", ""id"": """", ""issue"": """", ""issued_date_parts_0_0"": ""2009"", ""issued_date_parts_0_1"": """", ""journal"": ""Making essential choices with scant information"", ""language"": ""en"", ""page"": ""85–105"", ""publisher"": ""Palgrave MacMillan"", ""publisher_place"": ""Basingstoke, UK"", ""title"": ""Up-front assessment of needs"", ""type"": ""chapter"", ""url"": """", ""volume"": """"}"
reference-767,Educational needs as perceived by IS and end-user personnel,rrnelson,1991,1991,Journal article,,,Articles and Chapters,en,A survey of knowledge and skill requirements. MIS Quarterly,,,503–521,15,4,,,,Listing only,"{""author_0_family"": ""Nelson"", ""author_0_given"": ""R.R."", ""author_1_family"": """", ""author_1_given"": """", ""author_2_family"": """", ""author_2_given"": """", ""author_3_family"": """", ""author_3_given"": """", ""author_4_family"": """", ""author_4_given"": """", ""doi"": """", ""edition"": """", ""editor_0_family"": """", ""editor_0_given"": """", ""editor_1_family"": """", ""editor_1_given"": """", ""id"": """", ""issue"": ""4"", ""issued_date_parts_0_0"": ""1991"", ""issued_date_parts_0_1"": """", ""journal"": ""A survey of knowledge and skill requirements. MIS Quarterly"", ""language"": ""en"", ""page"": ""503–521"", ""publisher"": """", ""publisher_place"": """", ""title"": ""Educational needs as perceived by IS and end-user personnel"", ""type"": ""article-journal"", ""url"": """", ""volume"": ""15""}"
reference-clean-045,The assessment of end-user training needs. Communications of the ACM,rryannelsonellenmwhitenerhenryhphilcox,1995,1995,Catalog record,,,Articles and Chapters,en,,,,,"v38, n7, p27(13",,,,,Catalog record,"{""author_0_family"": ""Nelson"", ""author_0_given"": ""R.Ryan"", ""author_1_family"": ""Whitener"", ""author_1_given"": ""Ellen M."", ""author_2_family"": ""Philcox"", ""author_2_given"": ""Henry H."", ""author_3_family"": """", ""author_3_given"": """", ""author_4_family"": """", ""author_4_given"": """", ""doi"": """", ""edition"": """", ""editor_0_family"": """", ""editor_0_given"": """", ""editor_1_family"": """", ""editor_1_given"": """", ""id"": """", ""issue"": """", ""issued_date_parts_0_0"": ""1995"", ""issued_date_parts_0_1"": """", ""journal"": """", ""language"": ""en"", ""page"": """", ""publisher"": """", ""publisher_place"": """", ""title"": ""The assessment of end-user training needs. Communications of the ACM"", ""type"": """", ""url"": """", ""volume"": ""v38, n7, p27(13""}"
reference-769,Selecting Needs Analysis Methods. Training and,jnewstrommlillyquist,1979,1979,Journal article,,https://doi.org/10.1108/et.2001.00443had.003,Articles and Chapters,en,"Development Journal, Vol",,https://doi.org/10.1108/et.2001.00443had.003,52–56,33,ue 10,,,,Reference details recovered,"{""author_0_family"": ""Newstrom"", ""author_0_given"": ""J."", ""author_1_family"": ""Lillyquist"", ""author_1_given"": ""M."", ""author_2_family"": """", ""author_2_given"": """", ""author_3_family"": """", ""author_3_given"": """", ""author_4_family"": """", ""author_4_given"": """", ""doi"": """", ""edition"": """", ""editor_0_family"": """", ""editor_0_given"": """", ""editor_1_family"": """", ""editor_1_given"": """", ""id"": """", ""issue"": ""ue 10"", ""issued_date_parts_0_0"": ""1979"", ""issued_date_parts_0_1"": """", ""journal"": ""Development Journal, Vol"", ""language"": ""en"", ""page"": ""52–56"", ""publisher"": """", ""publisher_place"": """", ""title"": ""Selecting Needs Analysis Methods. Training and"", ""type"": ""article-journal"", ""url"": """", ""volume"": ""33""}"
reference-770,The need for needs assessment in continuing education,grnormansishannonmimarrin,2004,2004,Journal article,,,Articles and Chapters,en,British Medical Journal,,,999–1001,328,,,,,Listing only,"{""author_0_family"": ""Norman"", ""author_0_given"": ""G.R."", ""author_1_family"": ""Shannon"", ""author_1_given"": ""S.I."", ""author_2_family"": ""Marrin"", ""author_2_given"": ""M.I."", ""author_3_family"": """", ""author_3_given"": """", ""author_4_family"": """", ""author_4_given"": """", ""doi"": """", ""edition"": """", ""editor_0_family"": """", ""editor_0_given"": """", ""editor_1_family"": """", ""editor_1_given"": """", ""id"": """", ""issue"": """", ""issued_date_parts_0_0"": ""2004"", ""issued_date_parts_0_1"": """", ""journal"": ""British Medical Journal"", ""language"": ""en"", ""page"": ""999–1001"", ""publisher"": """", ""publisher_place"": """", ""title"": ""The need for needs assessment in continuing education"", ""type"": ""article-journal"", ""url"": """", ""volume"": ""328""}"
reference-771,Needs assessments: An integrated assignment in civic service,dsnorrisclschwartz,2009,2009,Journal article,,,Articles and Chapters,en,Journal of Teaching in Social,,,373–382,"Work,29(4",,,,,Listing only,"{""author_0_family"": ""Norris"", ""author_0_given"": ""D.S."", ""author_1_family"": ""Schwartz"", ""author_1_given"": ""C.L."", ""author_2_family"": """", ""author_2_given"": """", ""author_3_family"": """", ""author_3_given"": """", ""author_4_family"": """", ""author_4_given"": """", ""doi"": """", ""edition"": """", ""editor_0_family"": """", ""editor_0_given"": """", ""editor_1_family"": """", ""editor_1_given"": """", ""id"": """", ""issue"": """", ""issued_date_parts_0_0"": ""2009"", ""issued_date_parts_0_1"": """", ""journal"": ""Journal of Teaching in Social"", ""language"": ""en"", ""page"": ""373–382"", ""publisher"": """", ""publisher_place"": """", ""title"": ""Needs assessments: An integrated assignment in civic service"", ""type"": ""article-journal"", ""url"": """", ""volume"": ""Work,29(4""}"
reference-772,A True Training Needs Analysis. Training &,kmnowack,1991,1991,Journal article,,,Articles and Chapters,nl,"Development Journal, v45",,,69 5,n4,,,,,Listing only,"{""author_0_family"": ""Nowack"", ""author_0_given"": ""K.M."", ""author_1_family"": """", ""author_1_given"": """", ""author_2_family"": """", ""author_2_given"": """", ""author_3_family"": """", ""author_3_given"": """", ""author_4_family"": """", ""author_4_given"": """", ""doi"": """", ""edition"": """", ""editor_0_family"": """", ""editor_0_given"": """", ""editor_1_family"": """", ""editor_1_given"": """", ""id"": """", ""issue"": """", ""issued_date_parts_0_0"": ""1991"", ""issued_date_parts_0_1"": """", ""journal"": ""Development Journal, v45"", ""language"": ""nl"", ""page"": ""69 5"", ""publisher"": """", ""publisher_place"": """", ""title"": ""A True Training Needs Analysis. Training &"", ""type"": ""article-journal"", ""url"": """", ""volume"": ""n4""}"
reference-773,Congruence between theory and practice in management training needs analysis,modriscollptaylor,1992,1992,Journal article,,,Articles and Chapters,en,International journal of human resource management,,,593,3. 3,,,,,Listing only,"{""author_0_family"": ""O'Driscoll"", ""author_0_given"": ""M."", ""author_1_family"": ""Taylor"", ""author_1_given"": ""P."", ""author_2_family"": """", ""author_2_given"": """", ""author_3_family"": """", ""author_3_given"": """", ""author_4_family"": """", ""author_4_given"": """", ""doi"": """", ""edition"": """", ""editor_0_family"": """", ""editor_0_given"": """", ""editor_1_family"": """", ""editor_1_given"": """", ""id"": """", ""issue"": """", ""issued_date_parts_0_0"": ""1992"", ""issued_date_parts_0_1"": ""12"", ""journal"": ""International journal of human resource management"", ""language"": ""en"", ""page"": ""593"", ""publisher"": """", ""publisher_place"": """", ""title"": ""Congruence between theory and practice in management training needs analysis"", ""type"": ""article-journal"", ""url"": """", ""volume"": ""3. 3""}"
reference-clean-046,Designing and conducting a training needs analysis: putting the horse before the cart. Journal of Management Development,lolivas,1993,1993,Catalog record,,,Articles and Chapters,en,,,,19–41,2,3,,,,Catalog record,"{""author_0_family"": ""Olivas"", ""author_0_given"": ""L."", ""author_1_family"": """", ""author_1_given"": """", ""author_2_family"": """", ""author_2_given"": """", ""author_3_family"": """", ""author_3_given"": """", ""author_4_family"": """", ""author_4_given"": """", ""doi"": """", ""edition"": """", ""editor_0_family"": """", ""editor_0_given"": """", ""editor_1_family"": """", ""editor_1_given"": """", ""id"": """", ""issue"": ""3"", ""issued_date_parts_0_0"": ""1993"", ""issued_date_parts_0_1"": """", ""journal"": """", ""language"": ""en"", ""page"": ""19–41"", ""publisher"": """", ""publisher_place"": """", ""title"": ""Designing and conducting a training needs analysis: putting the horse before the cart. Journal of Management Development"", ""type"": """", ""url"": """", ""volume"": ""2""}"
reference-775,Assessing training needs of executives using the delphi technique. Public Productivity &,dolshfskiajoseph,1991,1991,Journal article,,,Articles and Chapters,en,Management Review,,,297–301,14,3,,,,Listing only,"{""author_0_family"": ""Olshfski"", ""author_0_given"": ""D."", ""author_1_family"": ""Joseph"", ""author_1_given"": ""A."", ""author_2_family"": """", ""author_2_given"": """", ""author_3_family"": """", ""author_3_given"": """", ""author_4_family"": """", ""author_4_given"": """", ""doi"": """", ""edition"": """", ""editor_0_family"": """", ""editor_0_given"": """", ""editor_1_family"": """", ""editor_1_given"": """", ""id"": """", ""issue"": ""3"", ""issued_date_parts_0_0"": ""1991"", ""issued_date_parts_0_1"": """", ""journal"": ""Management Review"", ""language"": ""en"", ""page"": ""297–301"", ""publisher"": """", ""publisher_place"": """", ""title"": ""Assessing training needs of executives using the delphi technique. Public Productivity &"", ""type"": ""article-journal"", ""url"": """", ""volume"": ""14""}"
reference-776,A case example of assessment and evaluation: Building capability in a corporate university,sovercasttschmidtkleicrodgersnachung,2009,2009,Journal article,,https://doi.org/10.1002/pfi.20082,Articles and Chapters,en,Performance Improvement,,https://doi.org/10.1002/pfi.20082,5–15,48,6,,,,Reference details recovered,"{""author_0_family"": ""Overcast"", ""author_0_given"": ""S."", ""author_1_family"": ""Schmidt"", ""author_1_given"": ""T."", ""author_2_family"": ""Lei"", ""author_2_given"": ""K."", ""author_3_family"": ""Rodgers"", ""author_3_given"": ""C."", ""author_4_family"": ""Chung"", ""author_4_given"": ""N.A."", ""doi"": """", ""edition"": """", ""editor_0_family"": """", ""editor_0_given"": """", ""editor_1_family"": """", ""editor_1_given"": """", ""id"": """", ""issue"": ""6"", ""issued_date_parts_0_0"": ""2009"", ""issued_date_parts_0_1"": """", ""journal"": ""Performance Improvement"", ""language"": ""en"", ""page"": ""5–15"", ""publisher"": """", ""publisher_place"": """", ""title"": ""A case example of assessment and evaluation: Building capability in a corporate university"", ""type"": ""article-journal"", ""url"": """", ""volume"": ""48""}"
reference-777,Using participatory action research to build a priority setting process in a Canadian regional health authority,spattencmittoncdonaldson,2006,2006,Journal article,,,Articles and Chapters,en,Social Science & Medicine,,,1121–1134,63,5,,,,Listing only,"{""author_0_family"": ""Patten"", ""author_0_given"": ""S."", ""author_1_family"": ""Mitton"", ""author_1_given"": ""C."", ""author_2_family"": ""Donaldson"", ""author_2_given"": ""C."", ""author_3_family"": """", ""author_3_given"": """", ""author_4_family"": """", ""author_4_given"": """", ""doi"": """", ""edition"": """", ""editor_0_family"": """", ""editor_0_given"": """", ""editor_1_family"": """", ""editor_1_given"": """", ""id"": """", ""issue"": ""5"", ""issued_date_parts_0_0"": ""2006"", ""issued_date_parts_0_1"": """", ""journal"": ""Social Science & Medicine"", ""language"": ""en"", ""page"": ""1121–1134"", ""publisher"": """", ""publisher_place"": """", ""title"": ""Using participatory action research to build a priority setting process in a Canadian regional health authority"", ""type"": ""article-journal"", ""url"": """", ""volume"": ""63""}"
reference-926,A Simple Tool to Evoke Physicians' Real Training Needs,dperoljpboisselcbroussollejccetrejstagnara,2002,2002,Journal article,,,Articles and Chapters,et,Academic Medicine,,,407–411,77,5,,,,Listing only,"{""author_0_family"": ""Perol"", ""author_0_given"": ""D."", ""author_1_family"": ""Boissel"", ""author_1_given"": ""J.-P."", ""author_2_family"": ""Broussolle"", ""author_2_given"": ""C."", ""author_3_family"": ""Cetre"", ""author_3_given"": ""J.-C."", ""author_4_family"": ""Stagnara"", ""author_4_given"": ""J."", ""doi"": """", ""edition"": """", ""editor_0_family"": """", ""editor_0_given"": """", ""editor_1_family"": """", ""editor_1_given"": """", ""id"": """", ""issue"": ""5"", ""issued_date_parts_0_0"": ""2002"", ""issued_date_parts_0_1"": ""5"", ""journal"": ""Academic Medicine"", ""language"": ""et"", ""page"": ""407–411"", ""publisher"": """", ""publisher_place"": """", ""title"": ""A Simple Tool to Evoke Physicians' Real Training Needs"", ""type"": ""article-journal"", ""url"": """", ""volume"": ""77""}"
reference-779,From felt need to actual need: a multi-method multi-sample approach to needs assessment,topetersoncmpeterson,2004,2004,Journal article,,,Articles and Chapters,en,Performance Improvement Quarterly,,,5–21,17,1,,,,Listing only,"{""author_0_family"": ""Peterson"", ""author_0_given"": ""T.O."", ""author_1_family"": ""Peterson"", ""author_1_given"": ""C.M."", ""author_2_family"": """", ""author_2_given"": """", ""author_3_family"": """", ""author_3_given"": """", ""author_4_family"": """", ""author_4_given"": """", ""doi"": """", ""edition"": """", ""editor_0_family"": """", ""editor_0_given"": """", ""editor_1_family"": """", ""editor_1_given"": """", ""id"": """", ""issue"": ""1"", ""issued_date_parts_0_0"": ""2004"", ""issued_date_parts_0_1"": """", ""journal"": ""Performance Improvement Quarterly"", ""language"": ""en"", ""page"": ""5–21"", ""publisher"": """", ""publisher_place"": """", ""title"": ""From felt need to actual need: a multi-method multi-sample approach to needs assessment"", ""type"": ""article-journal"", ""url"": """", ""volume"": ""17""}"
reference-780,Qualitative needs assessment: Healthcare experiences of underserved populations in Montgomery County,klpiehholderccallahanpyoung,2012,2012,Journal article,,,Articles and Chapters,en,Rural Remote Health,,,,12,3,,,,Listing only,"{""author_0_family"": ""Pieh-Holder"", ""author_0_given"": ""K.L."", ""author_1_family"": ""Callahan"", ""author_1_given"": ""C."", ""author_2_family"": ""Young"", ""author_2_given"": ""P."", ""author_3_family"": """", ""author_3_given"": """", ""author_4_family"": """", ""author_4_given"": """", ""doi"": """", ""edition"": """", ""editor_0_family"": """", ""editor_0_given"": """", ""editor_1_family"": """", ""editor_1_given"": """", ""id"": """", ""issue"": ""3"", ""issued_date_parts_0_0"": ""2012"", ""issued_date_parts_0_1"": """", ""journal"": ""Rural Remote Health"", ""language"": ""en"", ""page"": """", ""publisher"": """", ""publisher_place"": ""Virginia, USA"", ""title"": ""Qualitative needs assessment: Healthcare experiences of underserved populations in Montgomery County"", ""type"": ""article-journal"", ""url"": """", ""volume"": ""12""}"
reference-781,A comparison of data collection methods for assessing training needs. Human Resource,hpreskill,1991,1991,Journal article,,,Articles and Chapters,en,Development Quarterly,,,143–155,2,2,,,,Listing only,"{""author_0_family"": ""Preskill"", ""author_0_given"": ""H."", ""author_1_family"": """", ""author_1_given"": """", ""author_2_family"": """", ""author_2_given"": """", ""author_3_family"": """", ""author_3_given"": """", ""author_4_family"": """", ""author_4_given"": """", ""doi"": """", ""edition"": """", ""editor_0_family"": """", ""editor_0_given"": """", ""editor_1_family"": """", ""editor_1_given"": """", ""id"": """", ""issue"": ""2"", ""issued_date_parts_0_0"": ""1991"", ""issued_date_parts_0_1"": """", ""journal"": ""Development Quarterly"", ""language"": ""en"", ""page"": ""143–155"", ""publisher"": """", ""publisher_place"": """", ""title"": ""A comparison of data collection methods for assessing training needs. Human Resource"", ""type"": ""article-journal"", ""url"": """", ""volume"": ""2""}"
reference-782,"Problem identification and training-needs assessment""",jprokopenko,1998,1998,Book,,,Books,en,,"A Guide for Profession, International Labor Organizations",,81–110,,,,Prokopenko J.,,Reference details recovered,"{""author_0_family"": ""Prokopenko"", ""author_0_given"": ""J."", ""author_1_family"": """", ""author_1_given"": """", ""author_2_family"": """", ""author_2_given"": """", ""author_3_family"": """", ""author_3_given"": """", ""author_4_family"": """", ""author_4_given"": """", ""doi"": """", ""edition"": """", ""editor_0_family"": ""J."", ""editor_0_given"": ""Prokopenko"", ""editor_1_family"": """", ""editor_1_given"": """", ""id"": """", ""issue"": """", ""issued_date_parts_0_0"": ""1998"", ""issued_date_parts_0_1"": """", ""journal"": """", ""language"": ""en"", ""page"": ""81–110"", ""publisher"": ""A Guide for Profession, International Labor Organizations"", ""publisher_place"": ""Management Development"", ""title"": ""Problem identification and training-needs assessment\"""", ""type"": ""book"", ""url"": """", ""volume"": """"}"
reference-783,of conflict and disaster: Needs assessment of humanitarian crises,adredmond,2005,2005,Journal article,,,Articles and Chapters,en,BMJ. British medical journal (International ed,,,1320–1322,330,,,,,Listing only,"{""author_0_family"": ""Redmond"", ""author_0_given"": ""A.D."", ""author_1_family"": """", ""author_1_given"": """", ""author_2_family"": """", ""author_2_given"": """", ""author_3_family"": """", ""author_3_given"": """", ""author_4_family"": """", ""author_4_given"": """", ""doi"": """", ""edition"": """", ""editor_0_family"": """", ""editor_0_given"": """", ""editor_1_family"": """", ""editor_1_given"": """", ""id"": """", ""issue"": """", ""issued_date_parts_0_0"": ""2005"", ""issued_date_parts_0_1"": """", ""journal"": ""BMJ. British medical journal (International ed"", ""language"": ""en"", ""page"": ""1320–1322"", ""publisher"": """", ""publisher_place"": """", ""title"": ""of conflict and disaster: Needs assessment of humanitarian crises"", ""type"": ""article-journal"", ""url"": """", ""volume"": ""330""}"
reference-927,"What role can a training needs analysis play in organisational change?""",jreedmvakola,2006,2006,Journal article,,https://doi.org/10.1108/09534810610668382,Articles and Chapters,en,Journal of Organizational Change Management,,https://doi.org/10.1108/09534810610668382,393–407,19,3,,,,Reference details recovered,"{""author_0_family"": ""Reed"", ""author_0_given"": ""J."", ""author_1_family"": ""Vakola"", ""author_1_given"": ""M."", ""author_2_family"": """", ""author_2_given"": """", ""author_3_family"": """", ""author_3_given"": """", ""author_4_family"": """", ""author_4_given"": """", ""doi"": """", ""edition"": """", ""editor_0_family"": """", ""editor_0_given"": """", ""editor_1_family"": """", ""editor_1_given"": """", ""id"": """", ""issue"": ""3"", ""issued_date_parts_0_0"": ""2006"", ""issued_date_parts_0_1"": """", ""journal"": ""Journal of Organizational Change Management"", ""language"": ""en"", ""page"": ""393–407"", ""publisher"": """", ""publisher_place"": """", ""title"": ""What role can a training needs analysis play in organisational change?\"""", ""type"": ""article-journal"", ""url"": """", ""volume"": ""19""}"
reference-785,Using needs assessment to resolve controversies in diversity training design,lrobersonckulikmbpepper,2003,2003,Journal article,,,Articles and Chapters,fr,Group & Organization Management,,,148–174,28,1,,,,Listing only,"{""author_0_family"": ""Roberson"", ""author_0_given"": ""L."", ""author_1_family"": ""Kulik"", ""author_1_given"": ""C."", ""author_2_family"": ""Pepper"", ""author_2_given"": ""M.B."", ""author_3_family"": """", ""author_3_given"": """", ""author_4_family"": """", ""author_4_given"": """", ""doi"": """", ""edition"": """", ""editor_0_family"": """", ""editor_0_given"": """", ""editor_1_family"": """", ""editor_1_given"": """", ""id"": """", ""issue"": ""1"", ""issued_date_parts_0_0"": ""2003"", ""issued_date_parts_0_1"": """", ""journal"": ""Group & Organization Management"", ""language"": ""fr"", ""page"": ""148–174"", ""publisher"": """", ""publisher_place"": """", ""title"": ""Using needs assessment to resolve controversies in diversity training design"", ""type"": ""article-journal"", ""url"": """", ""volume"": ""28""}"
reference-786,Needs assessment and analysis: Tools for change,srodriguez,1988,1988,Journal article,,,Articles and Chapters,en,Journal of Instructional Development,,,25 –28,11,1,,,,Listing only,"{""author_0_family"": ""Rodriguez"", ""author_0_given"": ""S."", ""author_1_family"": """", ""author_1_given"": """", ""author_2_family"": """", ""author_2_given"": """", ""author_3_family"": """", ""author_3_given"": """", ""author_4_family"": """", ""author_4_given"": """", ""doi"": """", ""edition"": """", ""editor_0_family"": """", ""editor_0_given"": """", ""editor_1_family"": """", ""editor_1_given"": """", ""id"": """", ""issue"": ""1"", ""issued_date_parts_0_0"": ""1988"", ""issued_date_parts_0_1"": """", ""journal"": ""Journal of Instructional Development"", ""language"": ""en"", ""page"": ""25 –28"", ""publisher"": """", ""publisher_place"": """", ""title"": ""Needs assessment and analysis: Tools for change"", ""type"": ""article-journal"", ""url"": """", ""volume"": ""11""}"
reference-787,Participatory needs assessment,jarosssbjaafar,2006,2006,Journal article,,https://doi.org/10.1037/e589862013-001,Articles and Chapters,en,The Canadian Journal of Program Evaluation,,https://doi.org/10.1037/e589862013-001,131–154,21,4,,,,Reference details recovered,"{""author_0_family"": ""Ross"", ""author_0_given"": ""J.A."", ""author_1_family"": ""Jaafar"", ""author_1_given"": ""S.B."", ""author_2_family"": """", ""author_2_given"": """", ""author_3_family"": """", ""author_3_given"": """", ""author_4_family"": """", ""author_4_given"": """", ""doi"": """", ""edition"": """", ""editor_0_family"": """", ""editor_0_given"": """", ""editor_1_family"": """", ""editor_1_given"": """", ""id"": """", ""issue"": ""4"", ""issued_date_parts_0_0"": ""2006"", ""issued_date_parts_0_1"": """", ""journal"": ""The Canadian Journal of Program Evaluation"", ""language"": ""en"", ""page"": ""131–154"", ""publisher"": """", ""publisher_place"": """", ""title"": ""Participatory needs assessment"", ""type"": ""article-journal"", ""url"": """", ""volume"": ""21""}"
reference-clean-047,Overcoming obstacles to needs assessment. Training,arossett,1990,1990,Catalog record,,,Articles and Chapters,en,,,,36–41,27,,,,,Catalog record,"{""author_0_family"": ""Rossett"", ""author_0_given"": ""A."", ""author_1_family"": """", ""author_1_given"": """", ""author_2_family"": """", ""author_2_given"": """", ""author_3_family"": """", ""author_3_given"": """", ""author_4_family"": """", ""author_4_given"": """", ""doi"": """", ""edition"": """", ""editor_0_family"": """", ""editor_0_given"": """", ""editor_1_family"": """", ""editor_1_given"": """", ""id"": """", ""issue"": """", ""issued_date_parts_0_0"": ""1990"", ""issued_date_parts_0_1"": """", ""journal"": """", ""language"": ""en"", ""page"": ""36–41"", ""publisher"": """", ""publisher_place"": """", ""title"": ""Overcoming obstacles to needs assessment. Training"", ""type"": """", ""url"": """", ""volume"": ""27""}"
reference-clean-048,Needs assessment,arossett,1991,1991,Chapter,,,Articles and Chapters,en,"Instructional technology: Past, present, and future","Libraries Unlimited, Inc",,156–168,,,,Anglin G.J.,,Catalog record,"{""author_0_family"": ""Rossett"", ""author_0_given"": ""A."", ""author_1_family"": """", ""author_1_given"": """", ""author_2_family"": """", ""author_2_given"": """", ""author_3_family"": """", ""author_3_given"": """", ""author_4_family"": """", ""author_4_given"": """", ""doi"": """", ""edition"": """", ""editor_0_family"": ""G.J."", ""editor_0_given"": ""Anglin"", ""editor_1_family"": """", ""editor_1_given"": """", ""id"": """", ""issue"": """", ""issued_date_parts_0_0"": ""1991"", ""issued_date_parts_0_1"": """", ""journal"": ""Instructional technology: Past, present, and future"", ""language"": ""en"", ""page"": ""156–168"", ""publisher"": ""Libraries Unlimited, Inc"", ""publisher_place"": ""Englewood, CO"", ""title"": ""Needs assessment"", ""type"": ""chapter"", ""url"": """", ""volume"": """"}"
reference-clean-049,Analysis of human performance problems,arossett,1992,1992,Chapter,,,Articles and Chapters,en,Handbook of human performance technology:A comprehensive guide for analyzing and solving performance problems in organizations,Jossey-Bass,,97–113,,,,Keeps H.D.Stolovitch E.J.,,Catalog record,"{""author_0_family"": ""Rossett"", ""author_0_given"": ""A."", ""author_1_family"": """", ""author_1_given"": """", ""author_2_family"": """", ""author_2_given"": """", ""author_3_family"": """", ""author_3_given"": """", ""author_4_family"": """", ""author_4_given"": """", ""doi"": """", ""edition"": """", ""editor_0_family"": ""H.D.Stolovitch E.J."", ""editor_0_given"": ""Keeps"", ""editor_1_family"": """", ""editor_1_given"": """", ""id"": """", ""issue"": """", ""issued_date_parts_0_0"": ""1992"", ""issued_date_parts_0_1"": """", ""journal"": ""Handbook of human performance technology:A comprehensive guide for analyzing and solving performance problems in organizations"", ""language"": ""en"", ""page"": ""97–113"", ""publisher"": ""Jossey-Bass"", ""publisher_place"": ""San Francisco"", ""title"": ""Analysis of human performance problems"", ""type"": ""chapter"", ""url"": """", ""volume"": """"}"
reference-clean-050,Analysis and more,arossett,2006,2006,Book,,,Books,en,,Pfeiffer,,208–222,,,3rd,Pershing James A.,,Catalog record,"{""author_0_family"": ""Rossett"", ""author_0_given"": ""A."", ""author_1_family"": """", ""author_1_given"": """", ""author_2_family"": """", ""author_2_given"": """", ""author_3_family"": """", ""author_3_given"": """", ""author_4_family"": """", ""author_4_given"": """", ""doi"": """", ""edition"": ""3rd"", ""editor_0_family"": ""James A."", ""editor_0_given"": ""Pershing"", ""editor_1_family"": """", ""editor_1_given"": """", ""id"": """", ""issue"": """", ""issued_date_parts_0_0"": ""2006"", ""issued_date_parts_0_1"": """", ""journal"": """", ""language"": ""en"", ""page"": ""208–222"", ""publisher"": ""Pfeiffer"", ""publisher_place"": ""San Francisco, CA"", ""title"": ""Analysis and more"", ""type"": ""book"", ""url"": """", ""volume"": """"}"
reference-792,technology requires more analysis,arossett,2009,2009,Journal article,,https://doi.org/10.1596/27934,Articles and Chapters,en,Military Simulations & Training,,https://doi.org/10.1596/27934,82–83,,"ue. 6. Pp. 29-32.  Rossett, A",,,,Reference details recovered,"{""author_0_family"": ""Rossett"", ""author_0_given"": ""A."", ""author_1_family"": """", ""author_1_given"": """", ""author_2_family"": """", ""author_2_given"": """", ""author_3_family"": """", ""author_3_given"": """", ""author_4_family"": """", ""author_4_given"": """", ""doi"": """", ""edition"": """", ""editor_0_family"": """", ""editor_0_given"": """", ""editor_1_family"": """", ""editor_1_given"": """", ""id"": """", ""issue"": ""ue. 6. Pp. 29-32.  Rossett, A"", ""issued_date_parts_0_0"": ""2009"", ""issued_date_parts_0_1"": """", ""journal"": ""Military Simulations & Training"", ""language"": ""en"", ""page"": ""82–83"", ""publisher"": """", ""publisher_place"": """", ""title"": ""technology requires more analysis"", ""type"": ""article-journal"", ""url"": """", ""volume"": """"}"
reference-793,A Practical Approach to Conducting and Using the Training Needs Assessment,craigericschneierjamespguthriejudydolian,1988,1988,Journal article,,,Articles and Chapters,en,Public Personnel Management,,,191,17,2,,,,Listing only,"{""author_0_family"": ""Schneier"", ""author_0_given"": ""Craig Eric"", ""author_1_family"": ""Guthrie"", ""author_1_given"": ""James P."", ""author_2_family"": ""Olian"", ""author_2_given"": ""Judy D."", ""author_3_family"": """", ""author_3_given"": """", ""author_4_family"": """", ""author_4_given"": """", ""doi"": """", ""edition"": """", ""editor_0_family"": """", ""editor_0_given"": """", ""editor_1_family"": """", ""editor_1_given"": """", ""id"": """", ""issue"": ""2"", ""issued_date_parts_0_0"": ""1988"", ""issued_date_parts_0_1"": """", ""journal"": ""Public Personnel Management"", ""language"": ""en"", ""page"": ""191"", ""publisher"": """", ""publisher_place"": """", ""title"": ""A Practical Approach to Conducting and Using the Training Needs Assessment"", ""type"": ""article-journal"", ""url"": """", ""volume"": ""17""}"
reference-794,Neesd Assessment: Concepts and practice,mscrivenjrothk,1990,1990,Journal article,,,Articles and Chapters,en,Reprint of the 1978 original AERA monograph in Evaluation Practice,,,135–144,11,2,,,,Listing only,"{""author_0_family"": ""Scriven"", ""author_0_given"": ""M."", ""author_1_family"": ""Rothk"", ""author_1_given"": ""J."", ""author_2_family"": """", ""author_2_given"": """", ""author_3_family"": """", ""author_3_given"": """", ""author_4_family"": """", ""author_4_given"": """", ""doi"": """", ""edition"": """", ""editor_0_family"": """", ""editor_0_given"": """", ""editor_1_family"": """", ""editor_1_given"": """", ""id"": """", ""issue"": ""2"", ""issued_date_parts_0_0"": ""1990"", ""issued_date_parts_0_1"": """", ""journal"": ""Reprint of the 1978 original AERA monograph in Evaluation Practice"", ""language"": ""en"", ""page"": ""135–144"", ""publisher"": """", ""publisher_place"": """", ""title"": ""Neesd Assessment: Concepts and practice"", ""type"": ""article-journal"", ""url"": """", ""volume"": ""11""}"
reference-795,A quantitative needs assessment technique for cross-cultural work adjustment training,jselmer,2000,2000,Journal article,,,Articles and Chapters,en,Human Resource Development Quarterly,,,269–281,11,3,,,,Listing only,"{""author_0_family"": ""Selmer"", ""author_0_given"": ""J."", ""author_1_family"": """", ""author_1_given"": """", ""author_2_family"": """", ""author_2_given"": """", ""author_3_family"": """", ""author_3_given"": """", ""author_4_family"": """", ""author_4_given"": """", ""doi"": """", ""edition"": """", ""editor_0_family"": """", ""editor_0_given"": """", ""editor_1_family"": """", ""editor_1_given"": """", ""id"": """", ""issue"": ""3"", ""issued_date_parts_0_0"": ""2000"", ""issued_date_parts_0_1"": """", ""journal"": ""Human Resource Development Quarterly"", ""language"": ""en"", ""page"": ""269–281"", ""publisher"": """", ""publisher_place"": """", ""title"": ""A quantitative needs assessment technique for cross-cultural work adjustment training"", ""type"": ""article-journal"", ""url"": """", ""volume"": ""11""}"
reference-clean-051,"Is some data better than no data at all? Evaluating the utility of secondary needs assessment data, Drugs: education, prevention and policy",srshamblenpdwidedi,2010,2010,Catalog record,,,Articles and Chapters,en,,,,"17 6 , 835–852",,,,,,Catalog record,"{""author_0_family"": ""Shamblen"", ""author_0_given"": ""S.R."", ""author_1_family"": ""Dwidedi"", ""author_1_given"": ""P."", ""author_2_family"": """", ""author_2_given"": """", ""author_3_family"": """", ""author_3_given"": """", ""author_4_family"": """", ""author_4_given"": """", ""doi"": """", ""edition"": """", ""editor_0_family"": """", ""editor_0_given"": """", ""editor_1_family"": """", ""editor_1_given"": """", ""id"": """", ""issue"": """", ""issued_date_parts_0_0"": ""2010"", ""issued_date_parts_0_1"": """", ""journal"": """", ""language"": ""en"", ""page"": ""17 6 , 835–852"", ""publisher"": """", ""publisher_place"": """", ""title"": ""Is some data better than no data at all? Evaluating the utility of secondary needs assessment data, Drugs: education, prevention and policy"", ""type"": """", ""url"": """", ""volume"": """"}"
reference-clean-052,Needs assessment: A lighthouse beacon,cmsleezerdfrusseft,2010,2010,Chapter,,,Articles and Chapters,en,"Handbook of Improving Performance in the Workplace, Volume Three: Measurement and Evaluation",JosseyBass,,,,,,J. Moseley Invited; J. Dessinger,,Catalog record,"{""author_0_family"": ""Sleezer"", ""author_0_given"": ""C.M."", ""author_1_family"": ""Russ-Eft"", ""author_1_given"": ""D.F."", ""author_2_family"": """", ""author_2_given"": """", ""author_3_family"": """", ""author_3_given"": """", ""author_4_family"": """", ""author_4_given"": """", ""doi"": """", ""edition"": """", ""editor_0_family"": ""Invited"", ""editor_0_given"": ""J. Moseley"", ""editor_1_family"": ""Dessinger"", ""editor_1_given"": ""J."", ""id"": """", ""issue"": """", ""issued_date_parts_0_0"": ""2010"", ""issued_date_parts_0_1"": """", ""journal"": ""Handbook of Improving Performance in the Workplace, Volume Three: Measurement and Evaluation"", ""language"": ""en"", ""page"": """", ""publisher"": ""JosseyBass"", ""publisher_place"": ""San Francisco"", ""title"": ""Needs assessment: A lighthouse beacon"", ""type"": ""chapter"", ""url"": """", ""volume"": """"}"
reference-798,Training needs assessment at work: A dynamic process,cmsleezer,1993,1993,Journal article,,,Articles and Chapters,en,Human Resource Development Quarterly,,,247–264,4,3,,,,Listing only,"{""author_0_family"": ""Sleezer"", ""author_0_given"": ""C.M."", ""author_1_family"": """", ""author_1_given"": """", ""author_2_family"": """", ""author_2_given"": """", ""author_3_family"": """", ""author_3_given"": """", ""author_4_family"": """", ""author_4_given"": """", ""doi"": """", ""edition"": """", ""editor_0_family"": """", ""editor_0_given"": """", ""editor_1_family"": """", ""editor_1_given"": """", ""id"": """", ""issue"": ""3"", ""issued_date_parts_0_0"": ""1993"", ""issued_date_parts_0_1"": """", ""journal"": ""Human Resource Development Quarterly"", ""language"": ""en"", ""page"": ""247–264"", ""publisher"": """", ""publisher_place"": """", ""title"": ""Training needs assessment at work: A dynamic process"", ""type"": ""article-journal"", ""url"": """", ""volume"": ""4""}"
reference-clean-053,Needs Assessment: Perspectives from the literature. Performance Improvement Quarterly. 5(2,csleezer,1992,1992,Catalog record,,,Articles and Chapters,en,,,,34–46,,,,,,Catalog record,"{""author_0_family"": ""Sleezer"", ""author_0_given"": ""C."", ""author_1_family"": """", ""author_1_given"": """", ""author_2_family"": """", ""author_2_given"": """", ""author_3_family"": """", ""author_3_given"": """", ""author_4_family"": """", ""author_4_given"": """", ""doi"": """", ""edition"": """", ""editor_0_family"": """", ""editor_0_given"": """", ""editor_1_family"": """", ""editor_1_given"": """", ""id"": """", ""issue"": """", ""issued_date_parts_0_0"": ""1992"", ""issued_date_parts_0_1"": """", ""journal"": """", ""language"": ""en"", ""page"": ""34–46"", ""publisher"": """", ""publisher_place"": """", ""title"": ""Needs Assessment: Perspectives from the literature. Performance Improvement Quarterly. 5(2"", ""type"": """", ""url"": """", ""volume"": """"}"
reference-928,Assessing volunteers' needs and interests to inform curriculum development in 4-H,mhsmithclmeehanhsdasher,2009,2009,Journal article,,https://doi.org/10.31979/etd.pfy6-kndv,Articles and Chapters,en,Journal of Extension,,https://doi.org/10.31979/etd.pfy6-kndv,,47,1,,,,Reference details recovered,"{""author_0_family"": ""Smith"", ""author_0_given"": ""M.H."", ""author_1_family"": ""Meehan"", ""author_1_given"": ""C.L."", ""author_2_family"": ""Dasher"", ""author_2_given"": ""H.S."", ""author_3_family"": """", ""author_3_given"": """", ""author_4_family"": """", ""author_4_given"": """", ""doi"": """", ""edition"": """", ""editor_0_family"": """", ""editor_0_given"": """", ""editor_1_family"": """", ""editor_1_given"": """", ""id"": """", ""issue"": ""1"", ""issued_date_parts_0_0"": ""2009"", ""issued_date_parts_0_1"": """", ""journal"": ""Journal of Extension"", ""language"": ""en"", ""page"": """", ""publisher"": """", ""publisher_place"": """", ""title"": ""Assessing volunteers' needs and interests to inform curriculum development in 4-H"", ""type"": ""article-journal"", ""url"": """", ""volume"": ""47""}"
reference-clean-054,How to do a work/family needs assessment. Employment Relations Today,jstanger,1993,1993,Catalog record,,,Articles and Chapters,en,,,,197 9,"v20, n2",,,,,Catalog record,"{""author_0_family"": ""Stanger"", ""author_0_given"": ""J."", ""author_1_family"": """", ""author_1_given"": """", ""author_2_family"": """", ""author_2_given"": """", ""author_3_family"": """", ""author_3_given"": """", ""author_4_family"": """", ""author_4_given"": """", ""doi"": """", ""edition"": """", ""editor_0_family"": """", ""editor_0_given"": """", ""editor_1_family"": """", ""editor_1_given"": """", ""id"": """", ""issue"": """", ""issued_date_parts_0_0"": ""1993"", ""issued_date_parts_0_1"": """", ""journal"": """", ""language"": ""en"", ""page"": ""197 9"", ""publisher"": """", ""publisher_place"": """", ""title"": ""How to do a work/family needs assessment. Employment Relations Today"", ""type"": """", ""url"": """", ""volume"": ""v20, n2""}"
reference-802,Learning to Select a Needs Assessment Strategy. Training and,svsteadham,1980,1980,Journal article,,https://doi.org/10.4324/9780080455389-9,Articles and Chapters,nl,Development Journal Vol,,https://doi.org/10.4324/9780080455389-9,56–61,34,1,,,,Reference details recovered,"{""author_0_family"": ""Steadham"", ""author_0_given"": ""S.V."", ""author_1_family"": """", ""author_1_given"": """", ""author_2_family"": """", ""author_2_given"": """", ""author_3_family"": """", ""author_3_given"": """", ""author_4_family"": """", ""author_4_given"": """", ""doi"": """", ""edition"": """", ""editor_0_family"": """", ""editor_0_given"": """", ""editor_1_family"": """", ""editor_1_given"": """", ""id"": """", ""issue"": ""1"", ""issued_date_parts_0_0"": ""1980"", ""issued_date_parts_0_1"": """", ""journal"": ""Development Journal Vol"", ""language"": ""nl"", ""page"": ""56–61"", ""publisher"": """", ""publisher_place"": """", ""title"": ""Learning to Select a Needs Assessment Strategy. Training and"", ""type"": ""article-journal"", ""url"": """", ""volume"": ""34""}"
reference-803,Triangulating Perspectives: A needs assessment to develop an outreach program for vulnerable and underserved populations,jstefaniakmisaminafonso,2015,2015,Journal article,,https://doi.org/10.1002/piq.21186,Articles and Chapters,en,Performance Improvement Quarterly,,https://doi.org/10.1002/piq.21186,49–68,28,1,,,,Reference details recovered,"{""author_0_family"": ""Stefaniak"", ""author_0_given"": ""J."", ""author_1_family"": ""Mi"", ""author_1_given"": ""Misa"", ""author_2_family"": ""Afonso"", ""author_2_given"": ""N."", ""author_3_family"": """", ""author_3_given"": """", ""author_4_family"": """", ""author_4_given"": """", ""doi"": """", ""edition"": """", ""editor_0_family"": """", ""editor_0_given"": """", ""editor_1_family"": """", ""editor_1_given"": """", ""id"": """", ""issue"": ""1"", ""issued_date_parts_0_0"": ""2015"", ""issued_date_parts_0_1"": """", ""journal"": ""Performance Improvement Quarterly"", ""language"": ""en"", ""page"": ""49–68"", ""publisher"": """", ""publisher_place"": """", ""title"": ""Triangulating Perspectives: A needs assessment to develop an outreach program for vulnerable and underserved populations"", ""type"": ""article-journal"", ""url"": """", ""volume"": ""28""}"
reference-804,The influence of perceived constraints during needs assessment on design conjecture,jbaakistefaniakjhoardblstapleton,2018,2018,Journal article,,https://doi.org/10.1007/s12528-018-9173-5,Articles and Chapters,en,Journal Computers in High Educ,,10.1007/s12528-018-9173-5,55–71,30,,,,,Reference details recovered,"{""author_0_family"": ""Stefaniak"", ""author_0_given"": ""J.Baaki"", ""author_1_family"": ""Hoard"", ""author_1_given"": ""J."", ""author_2_family"": """", ""author_2_given"": ""B."", ""author_3_family"": ""Stapleton"", ""author_3_given"": ""L."", ""author_4_family"": """", ""author_4_given"": """", ""doi"": ""10.1007/s12528-018-9173-5"", ""edition"": """", ""editor_0_family"": """", ""editor_0_given"": """", ""editor_1_family"": """", ""editor_1_given"": """", ""id"": """", ""issue"": """", ""issued_date_parts_0_0"": ""2018"", ""issued_date_parts_0_1"": """", ""journal"": ""Journal Computers in High Educ"", ""language"": ""en"", ""page"": ""55–71"", ""publisher"": """", ""publisher_place"": """", ""title"": ""The influence of perceived constraints during needs assessment on design conjecture"", ""type"": ""article-journal"", ""url"": ""https://doi.org/10.1007/s12528-018-9173-5"", ""volume"": ""30""}"
reference-805,Needs assessment: From theory to practice,astevenssgillam,1998,1998,Journal article,,https://doi.org/10.1136/bmj.316.7142.1448,Articles and Chapters,en,British Medi- cal Journal,,https://doi.org/10.1136/bmj.316.7142.1448,1448–1452,316,,,,,Reference details recovered,"{""author_0_family"": ""Stevens"", ""author_0_given"": ""A."", ""author_1_family"": ""Gillam"", ""author_1_given"": ""S."", ""author_2_family"": """", ""author_2_given"": """", ""author_3_family"": """", ""author_3_given"": """", ""author_4_family"": """", ""author_4_given"": """", ""doi"": """", ""edition"": """", ""editor_0_family"": """", ""editor_0_given"": """", ""editor_1_family"": """", ""editor_1_given"": """", ""id"": """", ""issue"": """", ""issued_date_parts_0_0"": ""1998"", ""issued_date_parts_0_1"": """", ""journal"": ""British Medi- cal Journal"", ""language"": ""en"", ""page"": ""1448–1452"", ""publisher"": """", ""publisher_place"": """", ""title"": ""Needs assessment: From theory to practice"", ""type"": ""article-journal"", ""url"": """", ""volume"": ""316""}"
reference-806,Developing performance data for making useful faculty and leadership decisions,wswartrkaufman,2009,2009,Journal article,,https://doi.org/10.1002/piq.20061,Articles and Chapters,en,Needs assessment as a vehicle. Performance Improvement Quarterly,,https://doi.org/10.1002/piq.20061,71,22,3,,,,Reference details recovered,"{""author_0_family"": ""Swart"", ""author_0_given"": ""W."", ""author_1_family"": ""Kaufman"", ""author_1_given"": ""R."", ""author_2_family"": """", ""author_2_given"": """", ""author_3_family"": """", ""author_3_given"": """", ""author_4_family"": """", ""author_4_given"": """", ""doi"": """", ""edition"": """", ""editor_0_family"": """", ""editor_0_given"": """", ""editor_1_family"": """", ""editor_1_given"": """", ""id"": """", ""issue"": ""3"", ""issued_date_parts_0_0"": ""2009"", ""issued_date_parts_0_1"": """", ""journal"": ""Needs assessment as a vehicle. Performance Improvement Quarterly"", ""language"": ""en"", ""page"": ""71"", ""publisher"": """", ""publisher_place"": """", ""title"": ""Developing performance data for making useful faculty and leadership decisions"", ""type"": ""article-journal"", ""url"": """", ""volume"": ""22""}"
reference-807,Assessing training needs: A skills approach,fredricwswierczeklynnecarmichael,1985,1985,Journal article,,,Articles and Chapters,fr,Public Personnel Management,,,259–274,14. 3,,,,,Listing only,"{""author_0_family"": ""Swierczek"", ""author_0_given"": ""Fredric W."", ""author_1_family"": ""Carmichael"", ""author_1_given"": ""Lynne"", ""author_2_family"": """", ""author_2_given"": """", ""author_3_family"": """", ""author_3_given"": """", ""author_4_family"": """", ""author_4_given"": """", ""doi"": """", ""edition"": """", ""editor_0_family"": """", ""editor_0_given"": """", ""editor_1_family"": """", ""editor_1_given"": """", ""id"": """", ""issue"": """", ""issued_date_parts_0_0"": ""1985"", ""issued_date_parts_0_1"": """", ""journal"": ""Public Personnel Management"", ""language"": ""fr"", ""page"": ""259–274"", ""publisher"": """", ""publisher_place"": """", ""title"": ""Assessing training needs: A skills approach"", ""type"": ""article-journal"", ""url"": """", ""volume"": ""14. 3""}"
reference-clean-055,Needs assessment: Key to organizational change. Journal of Police Science and Administration,wltafoya,1983,1983,Catalog record,,,Articles and Chapters,en,,,,11 3 303–310,,,,,,Catalog record,"{""author_0_family"": ""Tafoya"", ""author_0_given"": ""W.L."", ""author_1_family"": """", ""author_1_given"": """", ""author_2_family"": """", ""author_2_given"": """", ""author_3_family"": """", ""author_3_given"": """", ""author_4_family"": """", ""author_4_given"": """", ""doi"": """", ""edition"": """", ""editor_0_family"": """", ""editor_0_given"": """", ""editor_1_family"": """", ""editor_1_given"": """", ""id"": """", ""issue"": """", ""issued_date_parts_0_0"": ""1983"", ""issued_date_parts_0_1"": """", ""journal"": """", ""language"": ""en"", ""page"": ""11 3 303–310"", ""publisher"": """", ""publisher_place"": """", ""title"": ""Needs assessment: Key to organizational change. Journal of Police Science and Administration"", ""type"": """", ""url"": """", ""volume"": """"}"
reference-929,"Improving training needs assessment processes via the Internet: system design and qualitative study""",ytaocryehssun,2006,2006,Journal article,,https://doi.org/10.1108/10662240610690043,Articles and Chapters,en,Internet Research,,https://doi.org/10.1108/10662240610690043,427–49,16,4,,,,Reference details recovered,"{""author_0_family"": ""Tao"", ""author_0_given"": ""Y."", ""author_1_family"": ""Yeh"", ""author_1_given"": ""C.R."", ""author_2_family"": ""Sun"", ""author_2_given"": ""S."", ""author_3_family"": """", ""author_3_given"": """", ""author_4_family"": """", ""author_4_given"": """", ""doi"": """", ""edition"": """", ""editor_0_family"": """", ""editor_0_given"": """", ""editor_1_family"": """", ""editor_1_given"": """", ""id"": """", ""issue"": ""4"", ""issued_date_parts_0_0"": ""2006"", ""issued_date_parts_0_1"": """", ""journal"": ""Internet Research"", ""language"": ""en"", ""page"": ""427–49"", ""publisher"": """", ""publisher_place"": """", ""title"": ""Improving training needs assessment processes via the Internet: system design and qualitative study\"""", ""type"": ""article-journal"", ""url"": """", ""volume"": ""16""}"
reference-930,"A New Integrated Framework for Training Needs Analysis, Human",pjtaylormpodriscolljfbinning,1998,1998,Journal article,,https://doi.org/10.1111/j.1748-8583.1998.tb00165.x,Articles and Chapters,en,Resource Management Journal,,https://doi.org/10.1111/j.1748-8583.1998.tb00165.x,29–51,8,,,,,Reference details recovered,"{""author_0_family"": ""Taylor"", ""author_0_given"": ""P.J."", ""author_1_family"": ""O’Driscoll"", ""author_1_given"": ""M.P."", ""author_2_family"": ""Binning"", ""author_2_given"": ""J.F."", ""author_3_family"": """", ""author_3_given"": """", ""author_4_family"": """", ""author_4_given"": """", ""doi"": """", ""edition"": """", ""editor_0_family"": """", ""editor_0_given"": """", ""editor_1_family"": """", ""editor_1_given"": """", ""id"": """", ""issue"": """", ""issued_date_parts_0_0"": ""1998"", ""issued_date_parts_0_1"": """", ""journal"": ""Resource Management Journal"", ""language"": ""en"", ""page"": ""29–51"", ""publisher"": """", ""publisher_place"": """", ""title"": ""A New Integrated Framework for Training Needs Analysis, Human"", ""type"": ""article-journal"", ""url"": """", ""volume"": ""8""}"
reference-811,Needs assessment of information and communication technology literacy (ICT literacy) of students in secondary educational service area,pthammasaengppupatsphetchaboon,2016,2016,Journal article,,https://doi.org/10.3991/ijet.v11i12.5798,Articles and Chapters,en,International Journal of Emerging Technologies in Learning (iJET,,10.3991/ijet.v11i12.5798,9,11,12,,,,Reference details recovered,"{""author_0_family"": ""Thammasaeng"", ""author_0_given"": ""P."", ""author_1_family"": ""Pupat"", ""author_1_given"": ""P."", ""author_2_family"": ""Phetchaboon"", ""author_2_given"": ""S."", ""author_3_family"": """", ""author_3_given"": """", ""author_4_family"": """", ""author_4_given"": """", ""doi"": ""10.3991/ijet.v11i12.5798"", ""edition"": """", ""editor_0_family"": """", ""editor_0_given"": """", ""editor_1_family"": """", ""editor_1_given"": """", ""id"": """", ""issue"": ""12"", ""issued_date_parts_0_0"": ""2016"", ""issued_date_parts_0_1"": """", ""journal"": ""International Journal of Emerging Technologies in Learning (iJET"", ""language"": ""en"", ""page"": ""9"", ""publisher"": """", ""publisher_place"": """", ""title"": ""Needs assessment of information and communication technology literacy (ICT literacy) of students in secondary educational service area"", ""type"": ""article-journal"", ""url"": """", ""volume"": ""11""}"
reference-812,Training Needs Assessment: A Contradiction in,dtrineragreenberryrwatkins,1996,1996,Journal article,,https://doi.org/10.4135/9781544342351.n12,Articles and Chapters,en,Terms. Educational Technology,,https://doi.org/10.4135/9781544342351.n12,51–55,36,6,,,,Reference details recovered,"{""author_0_family"": ""Triner"", ""author_0_given"": ""D."", ""author_1_family"": ""Greenberry"", ""author_1_given"": ""A."", ""author_2_family"": ""Watkins"", ""author_2_given"": ""R."", ""author_3_family"": """", ""author_3_given"": """", ""author_4_family"": """", ""author_4_given"": """", ""doi"": """", ""edition"": """", ""editor_0_family"": """", ""editor_0_given"": """", ""editor_1_family"": """", ""editor_1_given"": """", ""id"": """", ""issue"": ""6"", ""issued_date_parts_0_0"": ""1996"", ""issued_date_parts_0_1"": """", ""journal"": ""Terms. Educational Technology"", ""language"": ""en"", ""page"": ""51–55"", ""publisher"": """", ""publisher_place"": """", ""title"": ""Training Needs Assessment: A Contradiction in"", ""type"": ""article-journal"", ""url"": """", ""volume"": ""36""}"
reference-813,Core competency requirements among extension workers in peninsular malaysia: Use of Borich’s needs assessment model,sumarnmannmnawiialatifbasamah,2017,2017,Journal article,,https://doi.org/10.1016/j.evalprogplan.2017.02.001,Articles and Chapters,en,Evaluation and Program Planning,,10.1016/j.evalprogplan.2017.02.001,9–14,62,,,,,Reference details recovered,"{""author_0_family"": ""Umar"", ""author_0_given"": ""S."", ""author_1_family"": ""Man"", ""author_1_given"": ""N."", ""author_2_family"": ""Nawi"", ""author_2_given"": ""N.M."", ""author_3_family"": ""Latif"", ""author_3_given"": ""I.A."", ""author_4_family"": ""Samah"", ""author_4_given"": ""B.A."", ""doi"": ""10.1016/j.evalprogplan.2017.02.001"", ""edition"": """", ""editor_0_family"": """", ""editor_0_given"": """", ""editor_1_family"": """", ""editor_1_given"": """", ""id"": """", ""issue"": """", ""issued_date_parts_0_0"": ""2017"", ""issued_date_parts_0_1"": """", ""journal"": ""Evaluation and Program Planning"", ""language"": ""en"", ""page"": ""9–14"", ""publisher"": """", ""publisher_place"": """", ""title"": ""Core competency requirements among extension workers in peninsular malaysia: Use of Borich’s needs assessment model"", ""type"": ""article-journal"", ""url"": """", ""volume"": ""62""}"
reference-814,¡ Hazlo Bien! A Participatory Needs Assessment and Recommendations for Health Promotion in Growing Latino Communities,jmvalenzuelatmcdowelllcenculalhoytmjmitchell,2013,2013,Journal article,,,Articles and Chapters,en,Health Promotion,,,339–346,27,5,,,,Listing only,"{""author_0_family"": ""Valenzuela"", ""author_0_given"": ""J.M."", ""author_1_family"": ""McDowell"", ""author_1_given"": ""T."", ""author_2_family"": ""Cencula"", ""author_2_given"": ""L."", ""author_3_family"": ""Hoyt"", ""author_3_given"": ""L."", ""author_4_family"": ""Mitchell"", ""author_4_given"": ""M.J."", ""doi"": """", ""edition"": """", ""editor_0_family"": """", ""editor_0_given"": """", ""editor_1_family"": """", ""editor_1_given"": """", ""id"": """", ""issue"": ""5"", ""issued_date_parts_0_0"": ""2013"", ""issued_date_parts_0_1"": """", ""journal"": ""Health Promotion"", ""language"": ""en"", ""page"": ""339–346"", ""publisher"": """", ""publisher_place"": """", ""title"": ""¡ Hazlo Bien! A Participatory Needs Assessment and Recommendations for Health Promotion in Growing Latino Communities"", ""type"": ""article-journal"", ""url"": """", ""volume"": ""27""}"
reference-815,The mediating role of training utility in the relationship between training needs assessment and organizational effectiveness. The,weerdekcsimontanggtalbot,2008,2008,Journal article,,https://doi.org/10.1080/09585190701763917,Articles and Chapters,en,International Journal of Human Resources,,https://doi.org/10.1080/09585190701763917,63–73,19,,,,,Reference details recovered,"{""author_0_family"": ""Eerde"", ""author_0_given"": ""W."", ""author_1_family"": ""Simon Tang"", ""author_1_given"": ""K.C."", ""author_2_family"": ""Talbot"", ""author_2_given"": ""G."", ""author_3_family"": """", ""author_3_given"": """", ""author_4_family"": """", ""author_4_given"": """", ""doi"": """", ""edition"": """", ""editor_0_family"": """", ""editor_0_given"": """", ""editor_1_family"": """", ""editor_1_given"": """", ""id"": """", ""issue"": """", ""issued_date_parts_0_0"": ""2008"", ""issued_date_parts_0_1"": """", ""journal"": ""International Journal of Human Resources"", ""language"": ""en"", ""page"": ""63–73"", ""publisher"": """", ""publisher_place"": """", ""title"": ""The mediating role of training utility in the relationship between training needs assessment and organizational effectiveness. The"", ""type"": ""article-journal"", ""url"": """", ""volume"": ""19""}"
reference-clean-056,"Needs assessment: Planning, implementation, and action",jfvoylesrhuffeibl,2013,2013,Book,,,Books,fr,,ALA Editions,,9 – 20,,,,Stewart A.W.; C. Washington-Hoagland,,Catalog record,"{""author_0_family"": ""Voyles"", ""author_0_given"": ""J.F."", ""author_1_family"": ""Huff-Eibl"", ""author_1_given"": ""R."", ""author_2_family"": """", ""author_2_given"": """", ""author_3_family"": """", ""author_3_given"": """", ""author_4_family"": """", ""author_4_given"": """", ""doi"": """", ""edition"": """", ""editor_0_family"": ""A.W."", ""editor_0_given"": ""Stewart"", ""editor_1_family"": ""Washington-Hoagland"", ""editor_1_given"": ""C."", ""id"": """", ""issue"": """", ""issued_date_parts_0_0"": ""2013"", ""issued_date_parts_0_1"": """", ""journal"": """", ""language"": ""fr"", ""page"": ""9 – 20"", ""publisher"": ""ALA Editions"", ""publisher_place"": ""Chicago, IL"", ""title"": ""Needs assessment: Planning, implementation, and action"", ""type"": ""book"", ""url"": """", ""volume"": """"}"
reference-817,Analyzing Relationships of Necessity Not Just in Kind But Also in Degree: Complementing fsQCA With NCA,bvisjdul,2016,2016,Journal article,,https://doi.org/10.1177/0049124115626179,Articles and Chapters,en,Sociological Methods & Research,,https://doi.org/10.1177/0049124115626179,1–28,,,,,,Reference details recovered,"{""author_0_family"": ""Vis"", ""author_0_given"": ""B."", ""author_1_family"": ""Dul"", ""author_1_given"": ""J."", ""author_2_family"": """", ""author_2_given"": """", ""author_3_family"": """", ""author_3_given"": """", ""author_4_family"": """", ""author_4_given"": """", ""doi"": """", ""edition"": """", ""editor_0_family"": """", ""editor_0_given"": """", ""editor_1_family"": """", ""editor_1_given"": """", ""id"": """", ""issue"": """", ""issued_date_parts_0_0"": ""2016"", ""issued_date_parts_0_1"": """", ""journal"": ""Sociological Methods & Research"", ""language"": ""en"", ""page"": ""1–28"", ""publisher"": """", ""publisher_place"": """", ""title"": ""Analyzing Relationships of Necessity Not Just in Kind But Also in Degree: Complementing fsQCA With NCA"", ""type"": ""article-journal"", ""url"": """", ""volume"": """"}"
reference-818,Needs assessment and curriculum mapping: Enhancing management skills of the nonprofit workforce,lwangrfashcraft,2012,2012,Journal article,,,Articles and Chapters,en,Nonprofit Management and Leadership,,,121–136,23,1,,,,Listing only,"{""author_0_family"": ""Wang"", ""author_0_given"": ""L."", ""author_1_family"": ""Ashcraft"", ""author_1_given"": ""R.F."", ""author_2_family"": """", ""author_2_given"": """", ""author_3_family"": """", ""author_3_given"": """", ""author_4_family"": """", ""author_4_given"": """", ""doi"": """", ""edition"": """", ""editor_0_family"": """", ""editor_0_given"": """", ""editor_1_family"": """", ""editor_1_given"": """", ""id"": """", ""issue"": ""1"", ""issued_date_parts_0_0"": ""2012"", ""issued_date_parts_0_1"": """", ""journal"": ""Nonprofit Management and Leadership"", ""language"": ""en"", ""page"": ""121–136"", ""publisher"": """", ""publisher_place"": """", ""title"": ""Needs assessment and curriculum mapping: Enhancing management skills of the nonprofit workforce"", ""type"": ""article-journal"", ""url"": """", ""volume"": ""23""}"
reference-931,"Photovoice: Concept, Methodology, and Use for Participatory Needs Assessment",cwangmburris,1997,1997,Journal article,,https://doi.org/10.1177/109019819702400309,Articles and Chapters,pt,Health Educ Behav,,https://doi.org/10.1177/109019819702400309,369–387,24,3,,,,Reference details recovered,"{""author_0_family"": ""Wang"", ""author_0_given"": ""C."", ""author_1_family"": ""Burris"", ""author_1_given"": ""M."", ""author_2_family"": """", ""author_2_given"": """", ""author_3_family"": """", ""author_3_given"": """", ""author_4_family"": """", ""author_4_given"": """", ""doi"": """", ""edition"": """", ""editor_0_family"": """", ""editor_0_given"": """", ""editor_1_family"": """", ""editor_1_given"": """", ""id"": """", ""issue"": ""3"", ""issued_date_parts_0_0"": ""1997"", ""issued_date_parts_0_1"": """", ""journal"": ""Health Educ Behav"", ""language"": ""pt"", ""page"": ""369–387"", ""publisher"": """", ""publisher_place"": """", ""title"": ""Photovoice: Concept, Methodology, and Use for Participatory Needs Assessment"", ""type"": ""article-journal"", ""url"": """", ""volume"": ""24""}"
reference-820,A process for aligning performance improvement resources and strategies. Performance,rwatkinsjwedman,2003,2003,Journal article,,,Articles and Chapters,en,Improvement Journal,,,9–17,42,7,,,,Listing only,"{""author_0_family"": ""Watkins"", ""author_0_given"": ""R."", ""author_1_family"": ""Wedman"", ""author_1_given"": ""J."", ""author_2_family"": """", ""author_2_given"": """", ""author_3_family"": """", ""author_3_given"": """", ""author_4_family"": """", ""author_4_given"": """", ""doi"": """", ""edition"": """", ""editor_0_family"": """", ""editor_0_given"": """", ""editor_1_family"": """", ""editor_1_given"": """", ""id"": """", ""issue"": ""7"", ""issued_date_parts_0_0"": ""2003"", ""issued_date_parts_0_1"": """", ""journal"": ""Improvement Journal"", ""language"": ""en"", ""page"": ""9–17"", ""publisher"": """", ""publisher_place"": """", ""title"": ""A process for aligning performance improvement resources and strategies. Performance"", ""type"": ""article-journal"", ""url"": """", ""volume"": ""42""}"
reference-clean-057,Assessing and evaluating,rwatkinsrkaufman,2002,2002,Journal article,,,Articles and Chapters,en,Differentiating perspectives. Performance Improvement Journal,,,22–28,41,2,,,,Catalog record,"{""author_0_family"": ""Watkins"", ""author_0_given"": ""R."", ""author_1_family"": ""Kaufman"", ""author_1_given"": ""R."", ""author_2_family"": """", ""author_2_given"": """", ""author_3_family"": """", ""author_3_given"": """", ""author_4_family"": """", ""author_4_given"": """", ""doi"": """", ""edition"": """", ""editor_0_family"": """", ""editor_0_given"": """", ""editor_1_family"": """", ""editor_1_given"": """", ""id"": """", ""issue"": ""2"", ""issued_date_parts_0_0"": ""2002"", ""issued_date_parts_0_1"": """", ""journal"": ""Differentiating perspectives. Performance Improvement Journal"", ""language"": ""en"", ""page"": ""22–28"", ""publisher"": """", ""publisher_place"": """", ""title"": ""Assessing and evaluating"", ""type"": ""article-journal"", ""url"": """", ""volume"": ""41""}"
reference-clean-058,Designing for Performance: Design,rwatkins,2007,2007,Catalog record,,,Articles and Chapters,en,,,,,,,,,,Catalog record,"{""author_0_family"": ""Watkins"", ""author_0_given"": ""R."", ""author_1_family"": """", ""author_1_given"": """", ""author_2_family"": """", ""author_2_given"": """", ""author_3_family"": """", ""author_3_given"": """", ""author_4_family"": """", ""author_4_given"": """", ""doi"": """", ""edition"": """", ""editor_0_family"": """", ""editor_0_given"": """", ""editor_1_family"": """", ""editor_1_given"": """", ""id"": """", ""issue"": """", ""issued_date_parts_0_0"": ""2007"", ""issued_date_parts_0_1"": """", ""journal"": """", ""language"": ""en"", ""page"": """", ""publisher"": """", ""publisher_place"": """", ""title"": ""Designing for Performance: Design"", ""type"": """", ""url"": """", ""volume"": """"}"
reference-clean-059,Designing for Performance: Selecting your performance technologies (part 2 of 3). Performance Improvement Journal,rwatkins,2007,2007,Catalog record,,,Articles and Chapters,en,,,,,,,,,,Catalog record,"{""author_0_family"": ""Watkins"", ""author_0_given"": ""R."", ""author_1_family"": """", ""author_1_given"": """", ""author_2_family"": """", ""author_2_given"": """", ""author_3_family"": """", ""author_3_given"": """", ""author_4_family"": """", ""author_4_given"": """", ""doi"": """", ""edition"": """", ""editor_0_family"": """", ""editor_0_given"": """", ""editor_1_family"": """", ""editor_1_given"": """", ""id"": """", ""issue"": """", ""issued_date_parts_0_0"": ""2007"", ""issued_date_parts_0_1"": """", ""journal"": """", ""language"": ""en"", ""page"": """", ""publisher"": """", ""publisher_place"": """", ""title"": ""Designing for Performance: Selecting your performance technologies (part 2 of 3). Performance Improvement Journal"", ""type"": """", ""url"": """", ""volume"": """"}"
reference-clean-060,Designing for Performance: Aligning all of your HPT decisions from top to bottom (part 1 of 3). Performance Improvement Journal,rwatkins,2007,2007,Catalog record,,,Articles and Chapters,en,,,,,,,,,,Catalog record,"{""author_0_family"": ""Watkins"", ""author_0_given"": ""R."", ""author_1_family"": """", ""author_1_given"": """", ""author_2_family"": """", ""author_2_given"": """", ""author_3_family"": """", ""author_3_given"": """", ""author_4_family"": """", ""author_4_given"": """", ""doi"": """", ""edition"": """", ""editor_0_family"": """", ""editor_0_given"": """", ""editor_1_family"": """", ""editor_1_given"": """", ""id"": """", ""issue"": """", ""issued_date_parts_0_0"": ""2007"", ""issued_date_parts_0_1"": """", ""journal"": """", ""language"": ""en"", ""page"": """", ""publisher"": """", ""publisher_place"": """", ""title"": ""Designing for Performance: Aligning all of your HPT decisions from top to bottom (part 1 of 3). Performance Improvement Journal"", ""type"": """", ""url"": """", ""volume"": """"}"
reference-932,"Needs assessment: A digest, review, and comparison of needs assessment literature. Performance",rwatkinsdleighwplattrkaufman,1998,1998,Journal article,,https://doi.org/10.1002/pfi.4140370711,Articles and Chapters,en,Improvement Journal,,https://doi.org/10.1002/pfi.4140370711,40–53,37,7,,,,Reference details recovered,"{""author_0_family"": ""Watkins"", ""author_0_given"": ""R."", ""author_1_family"": ""Leigh"", ""author_1_given"": ""D."", ""author_2_family"": ""Platt"", ""author_2_given"": ""W."", ""author_3_family"": ""Kaufman"", ""author_3_given"": ""R."", ""author_4_family"": """", ""author_4_given"": """", ""doi"": """", ""edition"": """", ""editor_0_family"": """", ""editor_0_given"": """", ""editor_1_family"": """", ""editor_1_given"": """", ""id"": """", ""issue"": ""7"", ""issued_date_parts_0_0"": ""1998"", ""issued_date_parts_0_1"": """", ""journal"": ""Improvement Journal"", ""language"": ""en"", ""page"": ""40–53"", ""publisher"": """", ""publisher_place"": """", ""title"": ""Needs assessment: A digest, review, and comparison of needs assessment literature. Performance"", ""type"": ""article-journal"", ""url"": """", ""volume"": ""37""}"
reference-826,An Update on Relating Needs Assessment and Needs Analysis,rwatkinsrkaufman,1996,1996,Journal article,,,Articles and Chapters,en,Performance Improvement Journal,,,10–13,35,10,,,,Listing only,"{""author_0_family"": ""Watkins"", ""author_0_given"": ""R."", ""author_1_family"": ""Kaufman"", ""author_1_given"": ""R."", ""author_2_family"": """", ""author_2_given"": """", ""author_3_family"": """", ""author_3_given"": """", ""author_4_family"": """", ""author_4_given"": """", ""doi"": """", ""edition"": """", ""editor_0_family"": """", ""editor_0_given"": """", ""editor_1_family"": """", ""editor_1_given"": """", ""id"": """", ""issue"": ""10"", ""issued_date_parts_0_0"": ""1996"", ""issued_date_parts_0_1"": """", ""journal"": ""Performance Improvement Journal"", ""language"": ""en"", ""page"": ""10–13"", ""publisher"": """", ""publisher_place"": """", ""title"": ""An Update on Relating Needs Assessment and Needs Analysis"", ""type"": ""article-journal"", ""url"": """", ""volume"": ""35""}"
reference-clean-061,Assessing and Evaluating,rwatkinsrkaufman,2002,2002,Journal article,,,Articles and Chapters,en,Differentiating perspectives. Performance Improvement Journal,,,22–28,41,2,,,,Catalog record,"{""author_0_family"": ""Watkins"", ""author_0_given"": ""R."", ""author_1_family"": ""Kaufman"", ""author_1_given"": ""R."", ""author_2_family"": """", ""author_2_given"": """", ""author_3_family"": """", ""author_3_given"": """", ""author_4_family"": """", ""author_4_given"": """", ""doi"": """", ""edition"": """", ""editor_0_family"": """", ""editor_0_given"": """", ""editor_1_family"": """", ""editor_1_given"": """", ""id"": """", ""issue"": ""2"", ""issued_date_parts_0_0"": ""2002"", ""issued_date_parts_0_1"": """", ""journal"": ""Differentiating perspectives. Performance Improvement Journal"", ""language"": ""en"", ""page"": ""22–28"", ""publisher"": """", ""publisher_place"": """", ""title"": ""Assessing and Evaluating"", ""type"": ""article-journal"", ""url"": """", ""volume"": ""41""}"
reference-828,Performance Improvement: More than bettering the here and now. Performance,rwatkinsdleigh,2001,2001,Journal article,,,Articles and Chapters,en,Improvement Journal,,,10,40,8,,,,Listing only,"{""author_0_family"": ""Watkins"", ""author_0_given"": ""R."", ""author_1_family"": ""Leigh"", ""author_1_given"": ""D."", ""author_2_family"": """", ""author_2_given"": """", ""author_3_family"": """", ""author_3_given"": """", ""author_4_family"": """", ""author_4_given"": """", ""doi"": """", ""edition"": """", ""editor_0_family"": """", ""editor_0_given"": """", ""editor_1_family"": """", ""editor_1_given"": """", ""id"": """", ""issue"": ""8"", ""issued_date_parts_0_0"": ""2001"", ""issued_date_parts_0_1"": """", ""journal"": ""Improvement Journal"", ""language"": ""en"", ""page"": ""10"", ""publisher"": """", ""publisher_place"": """", ""title"": ""Performance Improvement: More than bettering the here and now. Performance"", ""type"": ""article-journal"", ""url"": """", ""volume"": ""40""}"
reference-clean-062,Assessing or Evaluating: Determining which approach is required,rwatkinsiguerra,2002,2002,Chapter,,,Articles and Chapters,en,The 2003 Training and Performance Sourcebook,Active Training,,,,,,Silberman M.,,Catalog record,"{""author_0_family"": ""Watkins"", ""author_0_given"": ""R."", ""author_1_family"": ""Guerra"", ""author_1_given"": ""I."", ""author_2_family"": """", ""author_2_given"": """", ""author_3_family"": """", ""author_3_given"": """", ""author_4_family"": """", ""author_4_given"": """", ""doi"": """", ""edition"": """", ""editor_0_family"": ""M."", ""editor_0_given"": ""Silberman"", ""editor_1_family"": """", ""editor_1_given"": """", ""id"": """", ""issue"": """", ""issued_date_parts_0_0"": ""2002"", ""issued_date_parts_0_1"": """", ""journal"": ""The 2003 Training and Performance Sourcebook"", ""language"": ""en"", ""page"": """", ""publisher"": ""Active Training"", ""publisher_place"": ""Princeton, NJ"", ""title"": ""Assessing or Evaluating: Determining which approach is required"", ""type"": ""chapter"", ""url"": """", ""volume"": """"}"
reference-830,Defining what you are assessing,rwatkinsjkavale,2014,2014,Journal article,,https://doi.org/10.1002/ev.20100,Articles and Chapters,en,New Directions for Evaluation,,https://doi.org/10.1002/ev.20100,19–31,144,,,Altschuld J.W.; R. Watkins,,Reference details recovered,"{""author_0_family"": ""Watkins"", ""author_0_given"": ""R."", ""author_1_family"": ""Kavale"", ""author_1_given"": ""J."", ""author_2_family"": """", ""author_2_given"": """", ""author_3_family"": """", ""author_3_given"": """", ""author_4_family"": """", ""author_4_given"": """", ""doi"": """", ""edition"": """", ""editor_0_family"": ""J.W."", ""editor_0_given"": ""Altschuld"", ""editor_1_family"": ""Watkins"", ""editor_1_given"": ""R."", ""id"": """", ""issue"": """", ""issued_date_parts_0_0"": ""2014"", ""issued_date_parts_0_1"": """", ""journal"": ""New Directions for Evaluation"", ""language"": ""en"", ""page"": ""19–31"", ""publisher"": """", ""publisher_place"": """", ""title"": ""Defining what you are assessing"", ""type"": ""article-journal"", ""url"": """", ""volume"": ""144""}"
reference-clean-063,A final note about improving needs assessment research and practice,rwatkinsjmaltschuld,2014,2014,Chapter,,,Articles and Chapters,en,Needs assessment: Trends and a view toward the future New Directions for Evaluation,,,105–114,144,,,Altschuld J.W.; R. Watkins,,Catalog record,"{""author_0_family"": ""Watkins"", ""author_0_given"": ""R."", ""author_1_family"": ""Altschuld"", ""author_1_given"": ""J.M."", ""author_2_family"": """", ""author_2_given"": """", ""author_3_family"": """", ""author_3_given"": """", ""author_4_family"": """", ""author_4_given"": """", ""doi"": """", ""edition"": """", ""editor_0_family"": ""J.W."", ""editor_0_given"": ""Altschuld"", ""editor_1_family"": ""Watkins"", ""editor_1_given"": ""R."", ""id"": """", ""issue"": """", ""issued_date_parts_0_0"": ""2014"", ""issued_date_parts_0_1"": """", ""journal"": ""Needs assessment: Trends and a view toward the future New Directions for Evaluation"", ""language"": ""en"", ""page"": ""105–114"", ""publisher"": """", ""publisher_place"": """", ""title"": ""A final note about improving needs assessment research and practice"", ""type"": ""chapter"", ""url"": """", ""volume"": ""144""}"
reference-832,Towards 'Internationalizing,tdwattsmsundel,1985,1985,Journal article,,,Articles and Chapters,en,Needs Assessment. International Social Work,,,3–20,28,1,,,,Listing only,"{""author_0_family"": ""Watts"", ""author_0_given"": ""T.D."", ""author_1_family"": ""Sundel"", ""author_1_given"": ""M."", ""author_2_family"": """", ""author_2_given"": """", ""author_3_family"": """", ""author_3_given"": """", ""author_4_family"": """", ""author_4_given"": """", ""doi"": """", ""edition"": """", ""editor_0_family"": """", ""editor_0_given"": """", ""editor_1_family"": """", ""editor_1_given"": """", ""id"": """", ""issue"": ""1"", ""issued_date_parts_0_0"": ""1985"", ""issued_date_parts_0_1"": """", ""journal"": ""Needs Assessment. International Social Work"", ""language"": ""en"", ""page"": ""3–20"", ""publisher"": """", ""publisher_place"": """", ""title"": ""Towards 'Internationalizing"", ""type"": ""article-journal"", ""url"": """", ""volume"": ""28""}"
reference-clean-064,Introducing the concept of performance support using the performance pyramid. Journal of Continuing Higher Education,jfwedmanswgraham,1998,1998,Catalog record,,,Articles and Chapters,en,,,,8–20,46,3,,,,Catalog record,"{""author_0_family"": ""Wedman"", ""author_0_given"": ""J.F."", ""author_1_family"": ""Graham"", ""author_1_given"": ""S.W."", ""author_2_family"": """", ""author_2_given"": """", ""author_3_family"": """", ""author_3_given"": """", ""author_4_family"": """", ""author_4_given"": """", ""doi"": """", ""edition"": """", ""editor_0_family"": """", ""editor_0_given"": """", ""editor_1_family"": """", ""editor_1_given"": """", ""id"": """", ""issue"": ""3"", ""issued_date_parts_0_0"": ""1998"", ""issued_date_parts_0_1"": """", ""journal"": """", ""language"": ""en"", ""page"": ""8–20"", ""publisher"": """", ""publisher_place"": """", ""title"": ""Introducing the concept of performance support using the performance pyramid. Journal of Continuing Higher Education"", ""type"": """", ""url"": """", ""volume"": ""46""}"
reference-834,Needs assessments in the private sector,jwedman,2014,2014,Journal article,,https://doi.org/10.1002/ev.20102,Articles and Chapters,en,New Directions for Evaluation,,https://doi.org/10.1002/ev.20102,47–60,144,,,Altschuld J.W.; R. Watkins,,Reference details recovered,"{""author_0_family"": ""Wedman"", ""author_0_given"": ""J."", ""author_1_family"": """", ""author_1_given"": """", ""author_2_family"": """", ""author_2_given"": """", ""author_3_family"": """", ""author_3_given"": """", ""author_4_family"": """", ""author_4_given"": """", ""doi"": """", ""edition"": """", ""editor_0_family"": ""J.W."", ""editor_0_given"": ""Altschuld"", ""editor_1_family"": ""Watkins"", ""editor_1_given"": ""R."", ""id"": """", ""issue"": """", ""issued_date_parts_0_0"": ""2014"", ""issued_date_parts_0_1"": """", ""journal"": ""New Directions for Evaluation"", ""language"": ""en"", ""page"": ""47–60"", ""publisher"": """", ""publisher_place"": """", ""title"": ""Needs assessments in the private sector"", ""type"": ""article-journal"", ""url"": """", ""volume"": ""144""}"
reference-835,International perspectives: Similarities and differences around the globe,mwestmeiersrwatkinskmsong,2014,2014,Journal article,,https://doi.org/10.1002/ev.20104,Articles and Chapters,en,New Directions for Evaluation,,https://doi.org/10.1002/ev.20104,75–87,144,,,Altschuld J.W.; R. Watkins,,Reference details recovered,"{""author_0_family"": ""West Meiers"", ""author_0_given"": ""M."", ""author_1_family"": ""Watkins"", ""author_1_given"": ""R."", ""author_2_family"": ""Song"", ""author_2_given"": ""K.M."", ""author_3_family"": """", ""author_3_given"": """", ""author_4_family"": """", ""author_4_given"": """", ""doi"": """", ""edition"": """", ""editor_0_family"": ""J.W."", ""editor_0_given"": ""Altschuld"", ""editor_1_family"": ""Watkins"", ""editor_1_given"": ""R."", ""id"": """", ""issue"": """", ""issued_date_parts_0_0"": ""2014"", ""issued_date_parts_0_1"": """", ""journal"": ""New Directions for Evaluation"", ""language"": ""en"", ""page"": ""75–87"", ""publisher"": """", ""publisher_place"": """", ""title"": ""International perspectives: Similarities and differences around the globe"", ""type"": ""article-journal"", ""url"": """", ""volume"": ""144""}"
reference-836,Understanding the ‘‘what should be condition’,jwhitejaltschuld,2012,2012,Journal article,,,Articles and Chapters,en,in needs assessment data. Evaluation and Program Planning,,,124–132,35,1,,,,Listing only,"{""author_0_family"": ""White"", ""author_0_given"": ""J."", ""author_1_family"": ""Altschuld"", ""author_1_given"": ""J."", ""author_2_family"": """", ""author_2_given"": """", ""author_3_family"": """", ""author_3_given"": """", ""author_4_family"": """", ""author_4_given"": """", ""doi"": """", ""edition"": """", ""editor_0_family"": """", ""editor_0_given"": """", ""editor_1_family"": """", ""editor_1_given"": """", ""id"": """", ""issue"": ""1"", ""issued_date_parts_0_0"": ""2012"", ""issued_date_parts_0_1"": """", ""journal"": ""in needs assessment data. Evaluation and Program Planning"", ""language"": ""en"", ""page"": ""124–132"", ""publisher"": """", ""publisher_place"": """", ""title"": ""Understanding the ‘‘what should be condition’"", ""type"": ""article-journal"", ""url"": """", ""volume"": ""35""}"
reference-837,Issues in front-end decision making on projects. Project,twilliamsksamset,2010,2010,Journal article,,https://doi.org/10.1002/pmj.20160,Articles and Chapters,fr,Management,,https://doi.org/10.1002/pmj.20160,38–49,41,2,,,,Reference details recovered,"{""author_0_family"": ""Williams"", ""author_0_given"": ""T."", ""author_1_family"": ""Samset"", ""author_1_given"": ""K."", ""author_2_family"": """", ""author_2_given"": """", ""author_3_family"": """", ""author_3_given"": """", ""author_4_family"": """", ""author_4_given"": """", ""doi"": """", ""edition"": """", ""editor_0_family"": """", ""editor_0_given"": """", ""editor_1_family"": """", ""editor_1_given"": """", ""id"": """", ""issue"": ""2"", ""issued_date_parts_0_0"": ""2010"", ""issued_date_parts_0_1"": """", ""journal"": ""Management"", ""language"": ""fr"", ""page"": ""38–49"", ""publisher"": """", ""publisher_place"": """", ""title"": ""Issues in front-end decision making on projects. Project"", ""type"": ""article-journal"", ""url"": """", ""volume"": ""41""}"
reference-838,The concepts of learning and need in adult education,hwiltshire,1973,1973,Journal article,,https://doi.org/10.1080/02660830.1973.11730701,Articles and Chapters,en,Studies in Adult Education,,https://doi.org/10.1080/02660830.1973.11730701,26– 30,"5,1",,,,,Reference details recovered,"{""author_0_family"": ""Wiltshire"", ""author_0_given"": ""H."", ""author_1_family"": """", ""author_1_given"": """", ""author_2_family"": """", ""author_2_given"": """", ""author_3_family"": """", ""author_3_given"": """", ""author_4_family"": """", ""author_4_given"": """", ""doi"": """", ""edition"": """", ""editor_0_family"": """", ""editor_0_given"": """", ""editor_1_family"": """", ""editor_1_given"": """", ""id"": """", ""issue"": """", ""issued_date_parts_0_0"": ""1973"", ""issued_date_parts_0_1"": """", ""journal"": ""Studies in Adult Education"", ""language"": ""en"", ""page"": ""26– 30"", ""publisher"": """", ""publisher_place"": """", ""title"": ""The concepts of learning and need in adult education"", ""type"": ""article-journal"", ""url"": """", ""volume"": ""5,1""}"
reference-839,Conducting Assessments in Technology Needs: From Assessment to Implementation,cawissickjegardner,2008,2008,Journal article,,https://doi.org/10.1177/1534508407311427,Articles and Chapters,en,Assessment for Effective Intervention,,https://doi.org/10.1177/1534508407311427,78–93,33,2,,,,Reference details recovered,"{""author_0_family"": ""Wissick"", ""author_0_given"": ""C.A."", ""author_1_family"": ""Gardner"", ""author_1_given"": ""J.E."", ""author_2_family"": """", ""author_2_given"": """", ""author_3_family"": """", ""author_3_given"": """", ""author_4_family"": """", ""author_4_given"": """", ""doi"": """", ""edition"": """", ""editor_0_family"": """", ""editor_0_given"": """", ""editor_1_family"": """", ""editor_1_given"": """", ""id"": """", ""issue"": ""2"", ""issued_date_parts_0_0"": ""2008"", ""issued_date_parts_0_1"": """", ""journal"": ""Assessment for Effective Intervention"", ""language"": ""en"", ""page"": ""78–93"", ""publisher"": """", ""publisher_place"": """", ""title"": ""Conducting Assessments in Technology Needs: From Assessment to Implementation"", ""type"": ""article-journal"", ""url"": """", ""volume"": ""33""}"
reference-840,Bring focus to the needs assessment study,brwitkinjeastman,1988,1988,Journal article,,,Articles and Chapters,en,The pre-assessment phase. Educational Planning,,,12–23,6,4,,,,Listing only,"{""author_0_family"": ""Witkin"", ""author_0_given"": ""B.R."", ""author_1_family"": ""Eastman"", ""author_1_given"": ""J."", ""author_2_family"": """", ""author_2_given"": """", ""author_3_family"": """", ""author_3_given"": """", ""author_4_family"": """", ""author_4_given"": """", ""doi"": """", ""edition"": """", ""editor_0_family"": """", ""editor_0_given"": """", ""editor_1_family"": """", ""editor_1_given"": """", ""id"": """", ""issue"": ""4"", ""issued_date_parts_0_0"": ""1988"", ""issued_date_parts_0_1"": """", ""journal"": ""The pre-assessment phase. Educational Planning"", ""language"": ""en"", ""page"": ""12–23"", ""publisher"": """", ""publisher_place"": """", ""title"": ""Bring focus to the needs assessment study"", ""type"": ""article-journal"", ""url"": """", ""volume"": ""6""}"
reference-841,Educational Needs Assessment: The State of the Art,rbwitkin,1976,1976,Journal article,,https://doi.org/10.4324/9781315446721-5,Articles and Chapters,en,Educational Planning,,https://doi.org/10.4324/9781315446721-5,1–5,2,3,,,,Reference details recovered,"{""author_0_family"": ""Witkin"", ""author_0_given"": ""R.B."", ""author_1_family"": """", ""author_1_given"": """", ""author_2_family"": """", ""author_2_given"": """", ""author_3_family"": """", ""author_3_given"": """", ""author_4_family"": """", ""author_4_given"": """", ""doi"": """", ""edition"": """", ""editor_0_family"": """", ""editor_0_given"": """", ""editor_1_family"": """", ""editor_1_given"": """", ""id"": """", ""issue"": ""3"", ""issued_date_parts_0_0"": ""1976"", ""issued_date_parts_0_1"": """", ""journal"": ""Educational Planning"", ""language"": ""en"", ""page"": ""1–5"", ""publisher"": """", ""publisher_place"": """", ""title"": ""Educational Needs Assessment: The State of the Art"", ""type"": ""article-journal"", ""url"": """", ""volume"": ""2""}"
reference-842,Needs assessment since 1981,brwitkin,1994,1994,Journal article,,,Articles and Chapters,en,The state of practice. Evaluation Practice,,,17–27,15,1,,,,Listing only,"{""author_0_family"": ""Witkin"", ""author_0_given"": ""B.R."", ""author_1_family"": """", ""author_1_given"": """", ""author_2_family"": """", ""author_2_given"": """", ""author_3_family"": """", ""author_3_given"": """", ""author_4_family"": """", ""author_4_given"": """", ""doi"": """", ""edition"": """", ""editor_0_family"": """", ""editor_0_given"": """", ""editor_1_family"": """", ""editor_1_given"": """", ""id"": """", ""issue"": ""1"", ""issued_date_parts_0_0"": ""1994"", ""issued_date_parts_0_1"": """", ""journal"": ""The state of practice. Evaluation Practice"", ""language"": ""en"", ""page"": ""17–27"", ""publisher"": """", ""publisher_place"": """", ""title"": ""Needs assessment since 1981"", ""type"": ""article-journal"", ""url"": """", ""volume"": ""15""}"
reference-843,A Practical Approach to Defining Professional Practice Gaps for Continuing Medical Education,cmwittichdschutkakfmauckrabergersclitin,2012,2012,Journal article,,,Articles and Chapters,en,Academic Medicine,,,582–585,87,5,,,,Listing only,"{""author_0_family"": ""Wittich"", ""author_0_given"": ""C.M."", ""author_1_family"": ""Chutka"", ""author_1_given"": ""D.S."", ""author_2_family"": ""Mauck"", ""author_2_given"": ""K.F."", ""author_3_family"": ""Berger"", ""author_3_given"": ""R.A."", ""author_4_family"": ""Litin"", ""author_4_given"": ""S.C."", ""doi"": """", ""edition"": """", ""editor_0_family"": """", ""editor_0_given"": """", ""editor_1_family"": """", ""editor_1_given"": """", ""id"": """", ""issue"": ""5"", ""issued_date_parts_0_0"": ""2012"", ""issued_date_parts_0_1"": ""5"", ""journal"": ""Academic Medicine"", ""language"": ""en"", ""page"": ""582–585"", ""publisher"": """", ""publisher_place"": """", ""title"": ""A Practical Approach to Defining Professional Practice Gaps for Continuing Medical Education"", ""type"": ""article-journal"", ""url"": """", ""volume"": ""87""}"
reference-clean-065,"Needs Analysis Theory and the Effectiveness of Large-scale Government Sponsored training Programmes: A Case Study. Journal of Management Development, v",pwrightggeroy,1992,1992,Catalog record,,,Articles and Chapters,en,,,,,"11, n. 5",,,,,Catalog record,"{""author_0_family"": ""Wright"", ""author_0_given"": ""P."", ""author_1_family"": ""Geroy"", ""author_1_given"": ""G."", ""author_2_family"": """", ""author_2_given"": """", ""author_3_family"": """", ""author_3_given"": """", ""author_4_family"": """", ""author_4_given"": """", ""doi"": """", ""edition"": """", ""editor_0_family"": """", ""editor_0_given"": """", ""editor_1_family"": """", ""editor_1_given"": """", ""id"": """", ""issue"": """", ""issued_date_parts_0_0"": ""1992"", ""issued_date_parts_0_1"": """", ""journal"": """", ""language"": ""en"", ""page"": """", ""publisher"": """", ""publisher_place"": """", ""title"": ""Needs Analysis Theory and the Effectiveness of Large-scale Government Sponsored training Programmes: A Case Study. Journal of Management Development, v"", ""type"": """", ""url"": """", ""volume"": ""11, n. 5""}"
reference-845,Needs of Asian foreign students,jsyoonjwaltschuldvhughes,1995,1995,Book,,,Books,en,,Focus group interviews.  Phi Beta Delta International Review,,,,,,,,Reference details recovered,"{""author_0_family"": ""Yoon"", ""author_0_given"": ""J.S."", ""author_1_family"": ""Altschuld"", ""author_1_given"": ""J.W."", ""author_2_family"": ""Hughes"", ""author_2_given"": ""V."", ""author_3_family"": """", ""author_3_given"": """", ""author_4_family"": """", ""author_4_given"": """", ""doi"": """", ""edition"": """", ""editor_0_family"": """", ""editor_0_given"": """", ""editor_1_family"": """", ""editor_1_given"": """", ""id"": """", ""issue"": """", ""issued_date_parts_0_0"": ""1995"", ""issued_date_parts_0_1"": """", ""journal"": """", ""language"": ""en"", ""page"": """", ""publisher"": ""Focus group interviews.  Phi Beta Delta International Review"", ""publisher_place"": """", ""title"": ""Needs of Asian foreign students"", ""type"": ""book"", ""url"": """", ""volume"": """"}"
reference-846,Needs assessment in program planning,glyoung,1994,1994,Journal article,,,Articles and Chapters,en,College Quarterly,,,,2,2,,,,Listing only,"{""author_0_family"": ""Young"", ""author_0_given"": ""G.L."", ""author_1_family"": """", ""author_1_given"": """", ""author_2_family"": """", ""author_2_given"": """", ""author_3_family"": """", ""author_3_given"": """", ""author_4_family"": """", ""author_4_given"": """", ""doi"": """", ""edition"": """", ""editor_0_family"": """", ""editor_0_given"": """", ""editor_1_family"": """", ""editor_1_given"": """", ""id"": """", ""issue"": ""2"", ""issued_date_parts_0_0"": ""1994"", ""issued_date_parts_0_1"": """", ""journal"": ""College Quarterly"", ""language"": ""en"", ""page"": """", ""publisher"": """", ""publisher_place"": """", ""title"": ""Needs assessment in program planning"", ""type"": ""article-journal"", ""url"": """", ""volume"": ""2""}"
reference-clean-066,How to do a needs assessment when you think you don’t have time. Training,rzemke,1998,1998,Catalog record,,,Articles and Chapters,en,,,,38–44,35,3,,,,Catalog record,"{""author_0_family"": ""Zemke"", ""author_0_given"": ""R."", ""author_1_family"": """", ""author_1_given"": """", ""author_2_family"": """", ""author_2_given"": """", ""author_3_family"": """", ""author_3_given"": """", ""author_4_family"": """", ""author_4_given"": """", ""doi"": """", ""edition"": """", ""editor_0_family"": """", ""editor_0_given"": """", ""editor_1_family"": """", ""editor_1_given"": """", ""id"": """", ""issue"": ""3"", ""issued_date_parts_0_0"": ""1998"", ""issued_date_parts_0_1"": """", ""journal"": """", ""language"": ""en"", ""page"": ""38–44"", ""publisher"": """", ""publisher_place"": """", ""title"": ""How to do a needs assessment when you think you don’t have time. Training"", ""type"": """", ""url"": """", ""volume"": ""35""}"
reference-clean-067,Needs assessment: Trends and a view toward the future,jwaltschuldr,,,Chapter,,,Articles and Chapters,en,New Directions for Evaluation,,,,,,,,,Catalog record,"{""author_0_family"": ""Altschuld"", ""author_0_given"": ""J.W."", ""author_1_family"": """", ""author_1_given"": ""R."", ""author_2_family"": """", ""author_2_given"": """", ""author_3_family"": """", ""author_3_given"": """", ""author_4_family"": """", ""author_4_given"": """", ""doi"": """", ""edition"": """", ""editor_0_family"": """", ""editor_0_given"": """", ""editor_1_family"": """", ""editor_1_given"": """", ""id"": """", ""issue"": """", ""issued_date_parts_0_0"": """", ""issued_date_parts_0_1"": """", ""journal"": ""New Directions for Evaluation"", ""language"": ""en"", ""page"": """", ""publisher"": """", ""publisher_place"": """", ""title"": ""Needs assessment: Trends and a view toward the future"", ""type"": ""chapter"", ""url"": """", ""volume"": """"}"
reference-clean-068,the Gap between Asset/Capacity Building and Needs Assessment:  Concepts and Practical Applications.,jwaltschuld,2014,2014,Catalog record,,,Articles and Chapters,en,,SAGE Publications,,,,,,,,Catalog record,"{""author_0_family"": ""Altschuld"", ""author_0_given"": ""J.W."", ""author_1_family"": """", ""author_1_given"": """", ""author_2_family"": """", ""author_2_given"": """", ""author_3_family"": """", ""author_3_given"": """", ""author_4_family"": """", ""author_4_given"": """", ""doi"": """", ""edition"": """", ""editor_0_family"": """", ""editor_0_given"": """", ""editor_1_family"": """", ""editor_1_given"": """", ""id"": """", ""issue"": """", ""issued_date_parts_0_0"": ""2014"", ""issued_date_parts_0_1"": """", ""journal"": """", ""language"": ""en"", ""page"": """", ""publisher"": ""SAGE Publications"", ""publisher_place"": ""Thousand Oaks, CA"", ""title"": ""the Gap between Asset/Capacity Building and Needs Assessment:  Concepts and Practical Applications. "", ""type"": """", ""url"": """", ""volume"": """"}"
reference-clean-069,needs assessment to action: Transforming needs into solution strategies. Sage Publications,jwaltschuldbrwitkin,2000,2000,Catalog record,,,Articles and Chapters,en,,SAGE Publications,,,,,,,,Catalog record,"{""author_0_family"": ""Altschuld"", ""author_0_given"": ""J.W."", ""author_1_family"": ""Witkin"", ""author_1_given"": ""B.R."", ""author_2_family"": """", ""author_2_given"": """", ""author_3_family"": """", ""author_3_given"": """", ""author_4_family"": """", ""author_4_given"": """", ""doi"": """", ""edition"": """", ""editor_0_family"": """", ""editor_0_given"": """", ""editor_1_family"": """", ""editor_1_given"": """", ""id"": """", ""issue"": """", ""issued_date_parts_0_0"": ""2000"", ""issued_date_parts_0_1"": """", ""journal"": """", ""language"": ""en"", ""page"": """", ""publisher"": ""SAGE Publications"", ""publisher_place"": ""Thousand Oaks, CA"", ""title"": ""needs assessment to action: Transforming needs into solution strategies. Sage Publications"", ""type"": """", ""url"": """", ""volume"": """"}"
reference-clean-070,Needs Assessment KIT. (ed,jwaltschuld,2010,2010,Catalog record,,,Articles and Chapters,en,,SAGE Publications,,,,,,,,Catalog record,"{""author_0_family"": ""Altschuld"", ""author_0_given"": ""J.W."", ""author_1_family"": """", ""author_1_given"": """", ""author_2_family"": """", ""author_2_given"": """", ""author_3_family"": """", ""author_3_given"": """", ""author_4_family"": """", ""author_4_given"": """", ""doi"": """", ""edition"": """", ""editor_0_family"": """", ""editor_0_given"": """", ""editor_1_family"": """", ""editor_1_given"": """", ""id"": """", ""issue"": """", ""issued_date_parts_0_0"": ""2010"", ""issued_date_parts_0_1"": """", ""journal"": """", ""language"": ""en"", ""page"": """", ""publisher"": ""SAGE Publications"", ""publisher_place"": ""Thousand Oaks, CA"", ""title"": ""Needs Assessment KIT. (ed"", ""type"": """", ""url"": """", ""volume"": """"}"
reference-clean-071,"The Needs Assessment KIT - Book 1, Needs Assessment: An Overview",jwaltschulddkumar,2010,2010,Book,,,Books,et,,SAGE Publications,,,,,,,,Catalog record,"{""author_0_family"": ""Altschuld"", ""author_0_given"": ""J.W."", ""author_1_family"": ""Kumar"", ""author_1_given"": ""D."", ""author_2_family"": """", ""author_2_given"": """", ""author_3_family"": """", ""author_3_given"": """", ""author_4_family"": """", ""author_4_given"": """", ""doi"": """", ""edition"": """", ""editor_0_family"": """", ""editor_0_given"": """", ""editor_1_family"": """", ""editor_1_given"": """", ""id"": """", ""issue"": """", ""issued_date_parts_0_0"": ""2010"", ""issued_date_parts_0_1"": """", ""journal"": """", ""language"": ""et"", ""page"": """", ""publisher"": ""SAGE Publications"", ""publisher_place"": ""Thousand Oaks, CA"", ""title"": ""The Needs Assessment KIT - Book 1, Needs Assessment: An Overview"", ""type"": ""book"", ""url"": """", ""volume"": """"}"
reference-clean-072,Needs Assessment KIT - Book 2,jwaltschuldjneastmond,2010,2010,Book,,,Books,en,,Getting Started. Thousand,,,,,,,,Catalog record,"{""author_0_family"": ""Altschuld"", ""author_0_given"": ""J.W."", ""author_1_family"": ""Eastmond"", ""author_1_given"": ""J.N."", ""author_2_family"": """", ""author_2_given"": """", ""author_3_family"": """", ""author_3_given"": """", ""author_4_family"": """", ""author_4_given"": """", ""doi"": """", ""edition"": """", ""editor_0_family"": """", ""editor_0_given"": """", ""editor_1_family"": """", ""editor_1_given"": """", ""id"": """", ""issue"": """", ""issued_date_parts_0_0"": ""2010"", ""issued_date_parts_0_1"": """", ""journal"": """", ""language"": ""en"", ""page"": """", ""publisher"": ""Getting Started. Thousand"", ""publisher_place"": ""Phase I"", ""title"": ""Needs Assessment KIT - Book 2"", ""type"": ""book"", ""url"": """", ""volume"": """"}"
reference-clean-073,Needs Assessment KIT - Book 3,jwaltschuld,2010,2010,Book,,,Books,et,,Collecting Data. Thousand,,,,,,,,Catalog record,"{""author_0_family"": ""Altschuld"", ""author_0_given"": ""J.W."", ""author_1_family"": """", ""author_1_given"": """", ""author_2_family"": """", ""author_2_given"": """", ""author_3_family"": """", ""author_3_given"": """", ""author_4_family"": """", ""author_4_given"": """", ""doi"": """", ""edition"": """", ""editor_0_family"": """", ""editor_0_given"": """", ""editor_1_family"": """", ""editor_1_given"": """", ""id"": """", ""issue"": """", ""issued_date_parts_0_0"": ""2010"", ""issued_date_parts_0_1"": """", ""journal"": """", ""language"": ""et"", ""page"": """", ""publisher"": ""Collecting Data. Thousand"", ""publisher_place"": ""Phase II"", ""title"": ""Needs Assessment KIT - Book 3"", ""type"": ""book"", ""url"": """", ""volume"": """"}"
reference-clean-074,"Needs Assessment KIT - Book 4, Analysis and Prioritization. Thousand",jwaltschuldjlwhite,2010,2010,Book,,,Books,et,,SAGE Publications,,,,,,,,Catalog record,"{""author_0_family"": ""Altschuld"", ""author_0_given"": ""J.W."", ""author_1_family"": ""White"", ""author_1_given"": ""J.L."", ""author_2_family"": """", ""author_2_given"": """", ""author_3_family"": """", ""author_3_given"": """", ""author_4_family"": """", ""author_4_given"": """", ""doi"": """", ""edition"": """", ""editor_0_family"": """", ""editor_0_given"": """", ""editor_1_family"": """", ""editor_1_given"": """", ""id"": """", ""issue"": """", ""issued_date_parts_0_0"": ""2010"", ""issued_date_parts_0_1"": """", ""journal"": """", ""language"": ""et"", ""page"": """", ""publisher"": ""SAGE Publications"", ""publisher_place"": ""Oaks, CA"", ""title"": ""Needs Assessment KIT - Book 4, Analysis and Prioritization. Thousand"", ""type"": ""book"", ""url"": """", ""volume"": """"}"
reference-clean-075,"Needs Assessment KIT - Book 5, Phase 3: Taking Action for Change. Thousand Oaks",lstevahnjking,2010,2010,Book,,,Books,et,,SAGE Publications,,,,,,,,Catalog record,"{""author_0_family"": ""Stevahn"", ""author_0_given"": ""L."", ""author_1_family"": ""King"", ""author_1_given"": ""J."", ""author_2_family"": """", ""author_2_given"": """", ""author_3_family"": """", ""author_3_given"": """", ""author_4_family"": """", ""author_4_given"": """", ""doi"": """", ""edition"": """", ""editor_0_family"": """", ""editor_0_given"": """", ""editor_1_family"": """", ""editor_1_given"": """", ""id"": """", ""issue"": """", ""issued_date_parts_0_0"": ""2010"", ""issued_date_parts_0_1"": """", ""journal"": """", ""language"": ""et"", ""page"": """", ""publisher"": ""SAGE Publications"", ""publisher_place"": ""CA"", ""title"": ""Needs Assessment KIT - Book 5, Phase 3: Taking Action for Change. Thousand Oaks"", ""type"": ""book"", ""url"": """", ""volume"": """"}"
reference-clean-076,"needs assessment: Methods, toils and techniques. San",jbarbazette,2006,2006,Book,,,Books,fr,,Pfeiffer,,,,,,,,Catalog record,"{""author_0_family"": ""Barbazette"", ""author_0_given"": ""J."", ""author_1_family"": """", ""author_1_given"": """", ""author_2_family"": """", ""author_2_given"": """", ""author_3_family"": """", ""author_3_given"": """", ""author_4_family"": """", ""author_4_given"": """", ""doi"": """", ""edition"": """", ""editor_0_family"": """", ""editor_0_given"": """", ""editor_1_family"": """", ""editor_1_given"": """", ""id"": """", ""issue"": """", ""issued_date_parts_0_0"": ""2006"", ""issued_date_parts_0_1"": """", ""journal"": """", ""language"": ""fr"", ""page"": """", ""publisher"": ""Pfeiffer"", ""publisher_place"": ""Francisco"", ""title"": ""needs assessment: Methods, toils and techniques. San"", ""type"": ""book"", ""url"": """", ""volume"": """"}"
reference-clean-077,"in Organizations: Needs Assessment, Development and",ilgoldstein,1993,1993,Book,,,Books,en,,Brooks/Cole,,,,,Evaluation (3rd,,,Catalog record,"{""author_0_family"": ""Goldstein"", ""author_0_given"": ""I.L."", ""author_1_family"": """", ""author_1_given"": """", ""author_2_family"": """", ""author_2_given"": """", ""author_3_family"": """", ""author_3_given"": """", ""author_4_family"": """", ""author_4_given"": """", ""doi"": """", ""edition"": ""Evaluation (3rd"", ""editor_0_family"": """", ""editor_0_given"": """", ""editor_1_family"": """", ""editor_1_given"": """", ""id"": """", ""issue"": """", ""issued_date_parts_0_0"": ""1993"", ""issued_date_parts_0_1"": """", ""journal"": """", ""language"": ""en"", ""page"": """", ""publisher"": ""Brooks/Cole"", ""publisher_place"": ""Monterey"", ""title"": ""in Organizations: Needs Assessment, Development and"", ""type"": ""book"", ""url"": """", ""volume"": """"}"
reference-clean-078,Practical Guide to Needs,kguptacsleezerdrusseft,2007,2007,Book,,,Books,en,,Pfeiffer,,,,,Assessment (2nd,,,Catalog record,"{""author_0_family"": ""Gupta"", ""author_0_given"": ""K."", ""author_1_family"": ""Sleezer"", ""author_1_given"": ""C."", ""author_2_family"": ""Russ-Eft"", ""author_2_given"": ""D."", ""author_3_family"": """", ""author_3_given"": """", ""author_4_family"": """", ""author_4_given"": """", ""doi"": """", ""edition"": ""Assessment (2nd"", ""editor_0_family"": """", ""editor_0_given"": """", ""editor_1_family"": """", ""editor_1_given"": """", ""id"": """", ""issue"": """", ""issued_date_parts_0_0"": ""2007"", ""issued_date_parts_0_1"": """", ""journal"": """", ""language"": ""en"", ""page"": """", ""publisher"": ""Pfeiffer"", ""publisher_place"": ""San Francisco"", ""title"": ""Practical Guide to Needs"", ""type"": ""book"", ""url"": """", ""volume"": """"}"
reference-clean-079,a Mini Needs Assessment,kgupta,2001,2001,Book,,,Books,en,,American Society for Training Development,,,,,,,,Catalog record,"{""author_0_family"": ""Gupta"", ""author_0_given"": ""K."", ""author_1_family"": """", ""author_1_given"": """", ""author_2_family"": """", ""author_2_given"": """", ""author_3_family"": """", ""author_3_given"": """", ""author_4_family"": """", ""author_4_given"": """", ""doi"": """", ""edition"": """", ""editor_0_family"": """", ""editor_0_given"": """", ""editor_1_family"": """", ""editor_1_given"": """", ""id"": """", ""issue"": """", ""issued_date_parts_0_0"": ""2001"", ""issued_date_parts_0_1"": """", ""journal"": """", ""language"": ""en"", ""page"": """", ""publisher"": ""American Society for Training Development"", ""publisher_place"": ""Alexandria"", ""title"": ""a Mini Needs Assessment"", ""type"": ""book"", ""url"": """", ""volume"": """"}"
reference-clean-080,ounce of analysis is worth a pound of objectives. Newnan,jhharless,1975,1975,Book,,,Books,en,,Harless Performance Guild,,,,,,,,Catalog record,"{""author_0_family"": ""Harless"", ""author_0_given"": ""J.H."", ""author_1_family"": """", ""author_1_given"": """", ""author_2_family"": """", ""author_2_given"": """", ""author_3_family"": """", ""author_3_given"": """", ""author_4_family"": """", ""author_4_given"": """", ""doi"": """", ""edition"": """", ""editor_0_family"": """", ""editor_0_given"": """", ""editor_1_family"": """", ""editor_1_given"": """", ""id"": """", ""issue"": """", ""issued_date_parts_0_0"": ""1975"", ""issued_date_parts_0_1"": """", ""journal"": """", ""language"": ""en"", ""page"": """", ""publisher"": ""Harless Performance Guild"", ""publisher_place"": ""Georgia"", ""title"": ""ounce of analysis is worth a pound of objectives. Newnan"", ""type"": ""book"", ""url"": """", ""volume"": """"}"
reference-clean-081,assessment: Theory and methods,djohnsonlmeillerlmillergsummers,1987,1987,Book,,,Books,en,,Iowa State University Press,,,,,,,,Catalog record,"{""author_0_family"": ""Johnson"", ""author_0_given"": ""D."", ""author_1_family"": ""Meiller"", ""author_1_given"": ""L."", ""author_2_family"": ""Miller"", ""author_2_given"": ""L."", ""author_3_family"": ""Summers"", ""author_3_given"": ""G."", ""author_4_family"": """", ""author_4_given"": """", ""doi"": """", ""edition"": """", ""editor_0_family"": """", ""editor_0_given"": """", ""editor_1_family"": """", ""editor_1_given"": """", ""id"": """", ""issue"": """", ""issued_date_parts_0_0"": ""1987"", ""issued_date_parts_0_1"": """", ""journal"": """", ""language"": ""en"", ""page"": """", ""publisher"": ""Iowa State University Press"", ""publisher_place"": ""Ames, IA"", ""title"": ""assessment: Theory and methods"", ""type"": ""book"", ""url"": """", ""volume"": """"}"
reference-clean-082,Assessment for Organizational Success. Alexandria,rkaufmaniguerralopez,2013,2013,Book,,,Books,en,,ASTD Press,,,,,,,,Catalog record,"{""author_0_family"": ""Kaufman"", ""author_0_given"": ""R."", ""author_1_family"": ""Guerra-Lopez"", ""author_1_given"": ""I."", ""author_2_family"": """", ""author_2_given"": """", ""author_3_family"": """", ""author_3_given"": """", ""author_4_family"": """", ""author_4_given"": """", ""doi"": """", ""edition"": """", ""editor_0_family"": """", ""editor_0_given"": """", ""editor_1_family"": """", ""editor_1_given"": """", ""id"": """", ""issue"": """", ""issued_date_parts_0_0"": ""2013"", ""issued_date_parts_0_1"": """", ""journal"": """", ""language"": ""en"", ""page"": """", ""publisher"": ""ASTD Press"", ""publisher_place"": ""VA"", ""title"": ""Assessment for Organizational Success. Alexandria"", ""type"": ""book"", ""url"": """", ""volume"": """"}"
reference-clean-083,"Choices, and Consequences: A guide to Mega thinking. Amherst",rkaufman,2006,2006,Book,,,Books,en,,MA:HRD Press,,,,,,,,Catalog record,"{""author_0_family"": ""Kaufman"", ""author_0_given"": ""R."", ""author_1_family"": """", ""author_1_given"": """", ""author_2_family"": """", ""author_2_given"": """", ""author_3_family"": """", ""author_3_given"": """", ""author_4_family"": """", ""author_4_given"": """", ""doi"": """", ""edition"": """", ""editor_0_family"": """", ""editor_0_given"": """", ""editor_1_family"": """", ""editor_1_given"": """", ""id"": """", ""issue"": """", ""issued_date_parts_0_0"": ""2006"", ""issued_date_parts_0_1"": """", ""journal"": """", ""language"": ""en"", ""page"": """", ""publisher"": ""MA:HRD Press"", ""publisher_place"": """", ""title"": ""Choices, and Consequences: A guide to Mega thinking. Amherst"", ""type"": ""book"", ""url"": """", ""volume"": """"}"
reference-clean-084,planning plus. Thousand,rkaufman,1992,1992,Book,,,Books,et,,Sage Publishing,,,,,,,,Catalog record,"{""author_0_family"": ""Kaufman"", ""author_0_given"": ""R."", ""author_1_family"": """", ""author_1_given"": """", ""author_2_family"": """", ""author_2_given"": """", ""author_3_family"": """", ""author_3_given"": """", ""author_4_family"": """", ""author_4_given"": """", ""doi"": """", ""edition"": """", ""editor_0_family"": """", ""editor_0_given"": """", ""editor_1_family"": """", ""editor_1_given"": """", ""id"": """", ""issue"": """", ""issued_date_parts_0_0"": ""1992"", ""issued_date_parts_0_1"": """", ""journal"": """", ""language"": ""et"", ""page"": """", ""publisher"": ""Sage Publishing"", ""publisher_place"": ""Oaks, CA"", ""title"": ""planning plus. Thousand"", ""type"": ""book"", ""url"": """", ""volume"": """"}"
reference-clean-085,"thinking: A guide to identifying and solving problems, Revised Ed",rkaufman,1998,1998,Chapter,,,Articles and Chapters,en,"The International Society for Performance Improvement and the American Society for Training and Development. Also, Spanish edition, El pensamiento estrategico. Centro de Estudios",,,,,,,,,Catalog record,"{""author_0_family"": ""Kaufman"", ""author_0_given"": ""R."", ""author_1_family"": """", ""author_1_given"": """", ""author_2_family"": """", ""author_2_given"": """", ""author_3_family"": """", ""author_3_given"": """", ""author_4_family"": """", ""author_4_given"": """", ""doi"": """", ""edition"": """", ""editor_0_family"": """", ""editor_0_given"": """", ""editor_1_family"": """", ""editor_1_given"": """", ""id"": """", ""issue"": """", ""issued_date_parts_0_0"": ""1998"", ""issued_date_parts_0_1"": """", ""journal"": ""The International Society for Performance Improvement and the American Society for Training and Development. Also, Spanish edition, El pensamiento estrategico. Centro de Estudios"", ""language"": ""en"", ""page"": """", ""publisher"": """", ""publisher_place"": ""Washington, D.C"", ""title"": ""thinking: A guide to identifying and solving problems, Revised Ed"", ""type"": ""chapter"", ""url"": """", ""volume"": """"}"
reference-clean-086,planning: Practical tools for organizational success. Thousand,rkaufman,2000,2000,Book,,,Books,et,,Sage Publications,,,,,,,,Catalog record,"{""author_0_family"": ""Kaufman"", ""author_0_given"": ""R."", ""author_1_family"": """", ""author_1_given"": """", ""author_2_family"": """", ""author_2_given"": """", ""author_3_family"": """", ""author_3_given"": """", ""author_4_family"": """", ""author_4_given"": """", ""doi"": """", ""edition"": """", ""editor_0_family"": """", ""editor_0_given"": """", ""editor_1_family"": """", ""editor_1_given"": """", ""id"": """", ""issue"": """", ""issued_date_parts_0_0"": ""2000"", ""issued_date_parts_0_1"": """", ""journal"": """", ""language"": ""et"", ""page"": """", ""publisher"": ""Sage Publications"", ""publisher_place"": ""Oaks, CA"", ""title"": ""planning: Practical tools for organizational success. Thousand"", ""type"": ""book"", ""url"": """", ""volume"": """"}"
reference-clean-087,Seconds That CanChange Your Life: A Decision-Making Guide for Those Who Refuse to be Mediocre,rkaufman,2006,2006,Webpage,,,Articles and Chapters,en,,,,,,,,,,Catalog record,"{""author_0_family"": ""Kaufman"", ""author_0_given"": ""R."", ""author_1_family"": """", ""author_1_given"": """", ""author_2_family"": """", ""author_2_given"": """", ""author_3_family"": """", ""author_3_given"": """", ""author_4_family"": """", ""author_4_given"": """", ""doi"": """", ""edition"": """", ""editor_0_family"": """", ""editor_0_given"": """", ""editor_1_family"": """", ""editor_1_given"": """", ""id"": """", ""issue"": """", ""issued_date_parts_0_0"": ""2006"", ""issued_date_parts_0_1"": """", ""journal"": """", ""language"": ""en"", ""page"": """", ""publisher"": """", ""publisher_place"": ""Amherst, MA"", ""title"": ""Seconds That CanChange Your Life: A Decision-Making Guide for Those Who Refuse to be Mediocre"", ""type"": ""webpage"", ""url"": """", ""volume"": """"}"
reference-clean-088,"Educational results: Defining, prioritizing, and achieving.",rkaufmanrwatkinsdleigh,2001,2001,Chapter,,,Articles and Chapters,en,Lancaster,Proactive Publishing,,,,,,,,Catalog record,"{""author_0_family"": ""Kaufman"", ""author_0_given"": ""R."", ""author_1_family"": ""Watkins"", ""author_1_given"": ""R."", ""author_2_family"": ""Leigh"", ""author_2_given"": ""D."", ""author_3_family"": """", ""author_3_given"": """", ""author_4_family"": """", ""author_4_given"": """", ""doi"": """", ""edition"": """", ""editor_0_family"": """", ""editor_0_given"": """", ""editor_1_family"": """", ""editor_1_given"": """", ""id"": """", ""issue"": """", ""issued_date_parts_0_0"": ""2001"", ""issued_date_parts_0_1"": """", ""journal"": ""Lancaster"", ""language"": ""en"", ""page"": """", ""publisher"": ""Proactive Publishing"", ""publisher_place"": ""PA"", ""title"": ""Educational results: Defining, prioritizing, and achieving. "", ""type"": ""chapter"", ""url"": """", ""volume"": """"}"
reference-clean-089,Assessment Book: Applied Strategic Thinking and Performance Improvement Through Self-Assessments,rkaufmaniguerralopezrwatkinsdleigh,2008,2008,Book,,,Books,en,,Ma:HRD Press,,,,,,,,Catalog record,"{""author_0_family"": ""Kaufman"", ""author_0_given"": ""R."", ""author_1_family"": ""Guerra-Lopez"", ""author_1_given"": ""I."", ""author_2_family"": ""Watkins"", ""author_2_given"": ""R."", ""author_3_family"": ""Leigh"", ""author_3_given"": ""D."", ""author_4_family"": """", ""author_4_given"": """", ""doi"": """", ""edition"": """", ""editor_0_family"": """", ""editor_0_given"": """", ""editor_1_family"": """", ""editor_1_given"": """", ""id"": """", ""issue"": """", ""issued_date_parts_0_0"": ""2008"", ""issued_date_parts_0_1"": """", ""journal"": """", ""language"": ""en"", ""page"": """", ""publisher"": ""Ma:HRD Press"", ""publisher_place"": ""Amherst"", ""title"": ""Assessment Book: Applied Strategic Thinking and Performance Improvement Through Self-Assessments"", ""type"": ""book"", ""url"": """", ""volume"": """"}"
reference-clean-090,Assessment   A Guide for Educational Managers,rkaufmanfwenglish,1976,1976,Book,,,Books,en,,American Association of School Administrators,,,,,,,,Catalog record,"{""author_0_family"": ""Kaufman"", ""author_0_given"": ""R."", ""author_1_family"": ""English"", ""author_1_given"": ""F.W."", ""author_2_family"": """", ""author_2_given"": """", ""author_3_family"": """", ""author_3_given"": """", ""author_4_family"": """", ""author_4_given"": """", ""doi"": """", ""edition"": """", ""editor_0_family"": """", ""editor_0_given"": """", ""editor_1_family"": """", ""editor_1_given"": """", ""id"": """", ""issue"": """", ""issued_date_parts_0_0"": ""1976"", ""issued_date_parts_0_1"": """", ""journal"": """", ""language"": ""en"", ""page"": """", ""publisher"": ""American Association of School Administrators"", ""publisher_place"": ""Arlington, VA"", ""title"": ""Assessment   A Guide for Educational Managers"", ""type"": ""book"", ""url"": """", ""volume"": """"}"
reference-clean-091,W.  (1979).  Needs assessment: Concept and Application,rkaufmanfenglish,,,Book,,,Books,en,,Educational Technology Publications,,,,,,,,Catalog record,"{""author_0_family"": ""Kaufman"", ""author_0_given"": ""R."", ""author_1_family"": ""English"", ""author_1_given"": ""F."", ""author_2_family"": """", ""author_2_given"": """", ""author_3_family"": """", ""author_3_given"": """", ""author_4_family"": """", ""author_4_given"": """", ""doi"": """", ""edition"": """", ""editor_0_family"": """", ""editor_0_given"": """", ""editor_1_family"": """", ""editor_1_given"": """", ""id"": """", ""issue"": """", ""issued_date_parts_0_0"": """", ""issued_date_parts_0_1"": """", ""journal"": """", ""language"": ""en"", ""page"": """", ""publisher"": ""Educational Technology Publications"", ""publisher_place"": ""Englewood Cliffs, NJ"", ""title"": ""W.  (1979).  Needs assessment: Concept and Application"", ""type"": ""book"", ""url"": """", ""volume"": """"}"
reference-clean-092,"assessment: A user's guide.  Englewood Cliffs, NJ., Educational Technology Publishers",rkaufmanarojashmayer,1993,1993,Chapter,,,Articles and Chapters,en,"Winner of the 1994 ID Tools AWARD, Division of Instructional Development",The Association for Educational Communications & Technology,,,,,,,,Catalog record,"{""author_0_family"": ""Kaufman"", ""author_0_given"": ""R."", ""author_1_family"": ""Rojas"", ""author_1_given"": ""A."", ""author_2_family"": ""Mayer"", ""author_2_given"": ""H."", ""author_3_family"": """", ""author_3_given"": """", ""author_4_family"": """", ""author_4_given"": """", ""doi"": """", ""edition"": """", ""editor_0_family"": """", ""editor_0_given"": """", ""editor_1_family"": """", ""editor_1_given"": """", ""id"": """", ""issue"": """", ""issued_date_parts_0_0"": ""1993"", ""issued_date_parts_0_1"": """", ""journal"": ""Winner of the 1994 ID Tools AWARD, Division of Instructional Development"", ""language"": ""en"", ""page"": """", ""publisher"": ""The Association for Educational Communications & Technology"", ""publisher_place"": """", ""title"": ""assessment: A user's guide.  Englewood Cliffs, NJ., Educational Technology Publishers"", ""type"": ""chapter"", ""url"": """", ""volume"": """"}"
reference-clean-093,"Trilogy: Conducting Needs Assessment, Designing Programs, Training Skills",dleatherman,2007,2007,Book,,,Books,en,,Resource Development Press,,,,,,,,Catalog record,"{""author_0_family"": ""Leatherman"", ""author_0_given"": ""D."", ""author_1_family"": """", ""author_1_given"": """", ""author_2_family"": """", ""author_2_given"": """", ""author_3_family"": """", ""author_3_given"": """", ""author_4_family"": """", ""author_4_given"": """", ""doi"": """", ""edition"": """", ""editor_0_family"": """", ""editor_0_given"": """", ""editor_1_family"": """", ""editor_1_given"": """", ""id"": """", ""issue"": """", ""issued_date_parts_0_0"": ""2007"", ""issued_date_parts_0_1"": """", ""journal"": """", ""language"": ""en"", ""page"": """", ""publisher"": ""Resource Development Press"", ""publisher_place"": ""Amherst"", ""title"": ""Trilogy: Conducting Needs Assessment, Designing Programs, Training Skills"", ""type"": ""book"", ""url"": """", ""volume"": """"}"
reference-clean-094,"Analyzing Performance Problems: Or, You Really Oughta Wanna",bmagerrpipe,1997,1997,Book,,,Books,en,,The Center for Effective Performance,,,,,performance problems. (3rd,,,Catalog record,"{""author_0_family"": ""Mager"", ""author_0_given"": ""B."", ""author_1_family"": ""Pipe"", ""author_1_given"": ""R."", ""author_2_family"": """", ""author_2_given"": """", ""author_3_family"": """", ""author_3_given"": """", ""author_4_family"": """", ""author_4_given"": """", ""doi"": """", ""edition"": ""performance problems. (3rd"", ""editor_0_family"": """", ""editor_0_given"": """", ""editor_1_family"": """", ""editor_1_given"": """", ""id"": """", ""issue"": """", ""issued_date_parts_0_0"": ""1997"", ""issued_date_parts_0_1"": """", ""journal"": """", ""language"": ""en"", ""page"": """", ""publisher"": ""The Center for Effective Performance"", ""publisher_place"": ""Atlanta, GA"", ""title"": ""Analyzing Performance Problems: Or, You Really Oughta Wanna"", ""type"": ""book"", ""url"": """", ""volume"": """"}"
reference-clean-095,A needs analysis,gmcardle,1998,1998,Book,,,Books,en,,CrispLearning,,,,,,,,Catalog record,"{""author_0_family"": ""McArdle"", ""author_0_given"": ""G."", ""author_1_family"": """", ""author_1_given"": """", ""author_2_family"": """", ""author_2_given"": """", ""author_3_family"": """", ""author_3_given"": """", ""author_4_family"": """", ""author_4_given"": """", ""doi"": """", ""edition"": """", ""editor_0_family"": """", ""editor_0_given"": """", ""editor_1_family"": """", ""editor_1_given"": """", ""id"": """", ""issue"": """", ""issued_date_parts_0_0"": ""1998"", ""issued_date_parts_0_1"": """", ""journal"": """", ""language"": ""en"", ""page"": """", ""publisher"": ""CrispLearning"", ""publisher_place"": ""Menlo Park, CA"", ""title"": ""A needs analysis"", ""type"": ""book"", ""url"": """", ""volume"": """"}"
reference-878,Needs Analysis Tools for the Human Services and Education,jmckilip,1987,1987,Book,,,Books,en,,Sage Publications,,,,,,,,Reference details recovered,"{""author_0_family"": ""McKilip"", ""author_0_given"": ""J."", ""author_1_family"": """", ""author_1_given"": """", ""author_2_family"": """", ""author_2_given"": """", ""author_3_family"": """", ""author_3_given"": """", ""author_4_family"": """", ""author_4_given"": """", ""doi"": """", ""edition"": """", ""editor_0_family"": """", ""editor_0_given"": """", ""editor_1_family"": """", ""editor_1_given"": """", ""id"": """", ""issue"": """", ""issued_date_parts_0_0"": ""1987"", ""issued_date_parts_0_1"": """", ""journal"": """", ""language"": ""en"", ""page"": """", ""publisher"": ""Sage Publications"", ""publisher_place"": ""California"", ""title"": ""Needs Analysis Tools for the Human Services and Education"", ""type"": ""book"", ""url"": """", ""volume"": """"}"
reference-clean-096,Assessment: A Creative and Practical Guide for Social Scientists,rreviere,1996,1996,Book,,,Books,en,,Taylor and Francis,,,,,,,,Catalog record,"{""author_0_family"": ""Reviere"", ""author_0_given"": ""R."", ""author_1_family"": """", ""author_1_given"": """", ""author_2_family"": """", ""author_2_given"": """", ""author_3_family"": """", ""author_3_given"": """", ""author_4_family"": """", ""author_4_given"": """", ""doi"": """", ""edition"": """", ""editor_0_family"": """", ""editor_0_given"": """", ""editor_1_family"": """", ""editor_1_given"": """", ""id"": """", ""issue"": """", ""issued_date_parts_0_0"": ""1996"", ""issued_date_parts_0_1"": """", ""journal"": """", ""language"": ""en"", ""page"": """", ""publisher"": ""Taylor and Francis"", ""publisher_place"": ""Washington, DC"", ""title"": ""Assessment: A Creative and Practical Guide for Social Scientists"", ""type"": ""book"", ""url"": """", ""volume"": """"}"
reference-clean-097,for impact: How to link training to business needs and measure the results,dgrobinsonrobinsonjc,1989,1989,Book,,,Books,en,,Jossey-Bass,,,,,,,,Catalog record,"{""author_0_family"": ""Robinson"", ""author_0_given"": ""D.G.Robinson"", ""author_1_family"": ""C"", ""author_1_given"": ""J."", ""author_2_family"": """", ""author_2_given"": """", ""author_3_family"": """", ""author_3_given"": """", ""author_4_family"": """", ""author_4_given"": """", ""doi"": """", ""edition"": """", ""editor_0_family"": """", ""editor_0_given"": """", ""editor_1_family"": """", ""editor_1_given"": """", ""id"": """", ""issue"": """", ""issued_date_parts_0_0"": ""1989"", ""issued_date_parts_0_1"": """", ""journal"": """", ""language"": ""en"", ""page"": """", ""publisher"": ""Jossey-Bass"", ""publisher_place"": ""San Francisco"", ""title"": ""for impact: How to link training to business needs and measure the results"", ""type"": ""book"", ""url"": """", ""volume"": """"}"
reference-clean-098,needs assessment. Englewood Cliffs,arossett,1987,1987,Book,,,Books,en,,Educational Technology Publishing Co,,,,,,,,Catalog record,"{""author_0_family"": ""Rossett"", ""author_0_given"": ""A."", ""author_1_family"": """", ""author_1_given"": """", ""author_2_family"": """", ""author_2_given"": """", ""author_3_family"": """", ""author_3_given"": """", ""author_4_family"": """", ""author_4_given"": """", ""doi"": """", ""edition"": """", ""editor_0_family"": """", ""editor_0_given"": """", ""editor_1_family"": """", ""editor_1_given"": """", ""id"": """", ""issue"": """", ""issued_date_parts_0_0"": ""1987"", ""issued_date_parts_0_1"": """", ""journal"": """", ""language"": ""en"", ""page"": """", ""publisher"": ""Educational Technology Publishing Co"", ""publisher_place"": ""NJ"", ""title"": ""needs assessment. Englewood Cliffs"", ""type"": ""book"", ""url"": """", ""volume"": """"}"
reference-clean-099,things fast: A Handbook for Performance Analysis (Essential Knowledge Resource). 2nd,arossett,2009,2009,Book,,,Books,en,,Jossey-Bass,,,,,,,,Catalog record,"{""author_0_family"": ""Rossett"", ""author_0_given"": ""A."", ""author_1_family"": """", ""author_1_given"": """", ""author_2_family"": """", ""author_2_given"": """", ""author_3_family"": """", ""author_3_given"": """", ""author_4_family"": """", ""author_4_given"": """", ""doi"": """", ""edition"": """", ""editor_0_family"": """", ""editor_0_given"": """", ""editor_1_family"": """", ""editor_1_given"": """", ""id"": """", ""issue"": """", ""issued_date_parts_0_0"": ""2009"", ""issued_date_parts_0_1"": """", ""journal"": """", ""language"": ""en"", ""page"": """", ""publisher"": ""Jossey-Bass"", ""publisher_place"": ""San Francisco, CA"", ""title"": ""things fast: A Handbook for Performance Analysis (Essential Knowledge Resource). 2nd"", ""type"": ""book"", ""url"": """", ""volume"": """"}"
reference-clean-100,Assessment: Pocket guide to social work research methods. New,droysemstatontindallkbadgerjwebster,2009,2009,Book,,,Books,en,,Oxford University Press,,,,,,,,Catalog record,"{""author_0_family"": ""Royse"", ""author_0_given"": ""D."", ""author_1_family"": ""Staton-Tindall"", ""author_1_given"": ""M."", ""author_2_family"": ""Badger"", ""author_2_given"": ""K."", ""author_3_family"": ""Webster"", ""author_3_given"": ""J."", ""author_4_family"": """", ""author_4_given"": """", ""doi"": """", ""edition"": """", ""editor_0_family"": """", ""editor_0_given"": """", ""editor_1_family"": """", ""editor_1_given"": """", ""id"": """", ""issue"": """", ""issued_date_parts_0_0"": ""2009"", ""issued_date_parts_0_1"": """", ""journal"": """", ""language"": ""en"", ""page"": """", ""publisher"": ""Oxford University Press"", ""publisher_place"": ""York"", ""title"": ""Assessment: Pocket guide to social work research methods. New"", ""type"": ""book"", ""url"": """", ""volume"": """"}"
reference-clean-101,"Evaluation in organizations: A systematic approach to enhancing learning, performance, and change",drussefthpreskill,2009,2009,Book,,,Books,en,,Perseus,,,,,2nd,,,Catalog record,"{""author_0_family"": ""Russ-Eft"", ""author_0_given"": ""D."", ""author_1_family"": ""Preskill"", ""author_1_given"": ""H."", ""author_2_family"": """", ""author_2_given"": """", ""author_3_family"": """", ""author_3_given"": """", ""author_4_family"": """", ""author_4_given"": """", ""doi"": """", ""edition"": ""2nd"", ""editor_0_family"": """", ""editor_0_given"": """", ""editor_1_family"": """", ""editor_1_given"": """", ""id"": """", ""issue"": """", ""issued_date_parts_0_0"": ""2009"", ""issued_date_parts_0_1"": """", ""journal"": """", ""language"": ""en"", ""page"": """", ""publisher"": ""Perseus"", ""publisher_place"": ""New York"", ""title"": ""Evaluation in organizations: A systematic approach to enhancing learning, performance, and change"", ""type"": ""book"", ""url"": """", ""volume"": """"}"
reference-clean-102,assessments: A multidisciplinary approach,fisoriano,1995,1995,Book,,,Books,en,,"Sage Publications, Inc",,,,,,,,Catalog record,"{""author_0_family"": ""Soriano"", ""author_0_given"": ""F.I."", ""author_1_family"": """", ""author_1_given"": """", ""author_2_family"": """", ""author_2_given"": """", ""author_3_family"": """", ""author_3_given"": """", ""author_4_family"": """", ""author_4_given"": """", ""doi"": """", ""edition"": """", ""editor_0_family"": """", ""editor_0_given"": """", ""editor_1_family"": """", ""editor_1_given"": """", ""id"": """", ""issue"": """", ""issued_date_parts_0_0"": ""1995"", ""issued_date_parts_0_1"": """", ""journal"": """", ""language"": ""en"", ""page"": """", ""publisher"": ""Sage Publications, Inc"", ""publisher_place"": ""Thousand Oaks, CA"", ""title"": ""assessments: A multidisciplinary approach"", ""type"": ""book"", ""url"": """", ""volume"": """"}"
reference-clean-103,Training needs assessment: Aligning learning and capability with performance requirements and organizational objectives,easurface,2013,2013,Chapter,,,Articles and Chapters,en,"Handbook of Work Analysis: Methods, Systems, Application, and Science of Work Measurement in Organizations",Routledge Academic,,,,,,,,Catalog record,"{""author_0_family"": ""Surface"", ""author_0_given"": ""E.A."", ""author_1_family"": """", ""author_1_given"": """", ""author_2_family"": """", ""author_2_given"": """", ""author_3_family"": """", ""author_3_given"": """", ""author_4_family"": """", ""author_4_given"": """", ""doi"": """", ""edition"": """", ""editor_0_family"": """", ""editor_0_given"": """", ""editor_1_family"": """", ""editor_1_given"": """", ""id"": """", ""issue"": """", ""issued_date_parts_0_0"": ""2013"", ""issued_date_parts_0_1"": """", ""journal"": ""Handbook of Work Analysis: Methods, Systems, Application, and Science of Work Measurement in Organizations"", ""language"": ""en"", ""page"": """", ""publisher"": ""Routledge Academic"", ""publisher_place"": ""New York"", ""title"": ""Training needs assessment: Aligning learning and capability with performance requirements and organizational objectives"", ""type"": ""chapter"", ""url"": """", ""volume"": """"}"
reference-clean-104,Needs assessment basics.,dtobey,2005,2005,Book,,,Books,pt,,ASTD Press,,,,,,,,Catalog record,"{""author_0_family"": ""Tobey"", ""author_0_given"": ""D."", ""author_1_family"": """", ""author_1_given"": """", ""author_2_family"": """", ""author_2_given"": """", ""author_3_family"": """", ""author_3_given"": """", ""author_4_family"": """", ""author_4_given"": """", ""doi"": """", ""edition"": """", ""editor_0_family"": """", ""editor_0_given"": """", ""editor_1_family"": """", ""editor_1_given"": """", ""id"": """", ""issue"": """", ""issued_date_parts_0_0"": ""2005"", ""issued_date_parts_0_1"": """", ""journal"": """", ""language"": ""pt"", ""page"": """", ""publisher"": ""ASTD Press"", ""publisher_place"": ""VA"", ""title"": ""Needs assessment basics. "", ""type"": ""Book"", ""url"": """", ""volume"": """"}"
reference-clean-105,Resource Development: The theory and practice of needs assessment,fulschak,1983,1983,Book,,,Books,en,,Reston Publishing,,,,,,,,Catalog record,"{""author_0_family"": ""Ulschak"", ""author_0_given"": ""F."", ""author_1_family"": """", ""author_1_given"": """", ""author_2_family"": """", ""author_2_given"": """", ""author_3_family"": """", ""author_3_given"": """", ""author_4_family"": """", ""author_4_given"": """", ""doi"": """", ""edition"": """", ""editor_0_family"": """", ""editor_0_given"": """", ""editor_1_family"": """", ""editor_1_given"": """", ""id"": """", ""issue"": """", ""issued_date_parts_0_0"": ""1983"", ""issued_date_parts_0_1"": """", ""journal"": """", ""language"": ""en"", ""page"": """", ""publisher"": ""Reston Publishing"", ""publisher_place"": ""Reston, VA"", ""title"": ""Resource Development: The theory and practice of needs assessment"", ""type"": ""book"", ""url"": """", ""volume"": """"}"
reference-889,Community Needs Assessment Workbook,rwambeam,2014,2014,Book,,https://www.amazon.com/s?k=rodney+wambeam&sprefix=rodne%2Caps&ref=nb_sb_noss,Books,en,,Lyceum Books,,,,,,,,Reference details recovered,"{""author_0_family"": ""Wambeam"", ""author_0_given"": ""R."", ""author_1_family"": """", ""author_1_given"": """", ""author_2_family"": """", ""author_2_given"": """", ""author_3_family"": """", ""author_3_given"": """", ""author_4_family"": """", ""author_4_given"": """", ""doi"": """", ""edition"": """", ""editor_0_family"": """", ""editor_0_given"": """", ""editor_1_family"": """", ""editor_1_given"": """", ""id"": """", ""issue"": """", ""issued_date_parts_0_0"": ""2014"", ""issued_date_parts_0_1"": """", ""journal"": """", ""language"": ""en"", ""page"": """", ""publisher"": ""Lyceum Books"", ""publisher_place"": ""Chicago, IL"", ""title"": ""Community Needs Assessment Workbook"", ""type"": ""book"", ""url"": """", ""volume"": """"}"
reference-clean-106,Handbook of Improving Performance in the Workplace - Volume 2: Selecting and Implementing Performance Interventions,,2009,2009,Webpage,,,Articles and Chapters,en,,Wiley-Jossey/Bass and Silver,,,,,,Watkins R.; D. Leigh,,Catalog record,"{""author_0_family"": """", ""author_0_given"": """", ""author_1_family"": """", ""author_1_given"": """", ""author_2_family"": """", ""author_2_given"": """", ""author_3_family"": """", ""author_3_given"": """", ""author_4_family"": """", ""author_4_given"": """", ""doi"": """", ""edition"": """", ""editor_0_family"": ""R."", ""editor_0_given"": ""Watkins"", ""editor_1_family"": ""Leigh"", ""editor_1_given"": ""D."", ""id"": """", ""issue"": """", ""issued_date_parts_0_0"": ""2009"", ""issued_date_parts_0_1"": """", ""journal"": """", ""language"": ""en"", ""page"": """", ""publisher"": ""Wiley-Jossey/Bass and Silver"", ""publisher_place"": ""San Francisco"", ""title"": ""Handbook of Improving Performance in the Workplace - Volume 2: Selecting and Implementing Performance Interventions"", ""type"": ""webpage"", ""url"": """", ""volume"": """"}"
reference-clean-107,"Performance By Design: The systematic selection, design, and development of performance technologies that produce useful results",rwatkins,2007,2007,Book,,,Books,en,,"Ma:HRD Press and Silver Spring, Md:International Society for Performance Improvement",,,,,,,,Catalog record,"{""author_0_family"": ""Watkins"", ""author_0_given"": ""R."", ""author_1_family"": """", ""author_1_given"": """", ""author_2_family"": """", ""author_2_given"": """", ""author_3_family"": """", ""author_3_given"": """", ""author_4_family"": """", ""author_4_given"": """", ""doi"": """", ""edition"": """", ""editor_0_family"": """", ""editor_0_given"": """", ""editor_1_family"": """", ""editor_1_given"": """", ""id"": """", ""issue"": """", ""issued_date_parts_0_0"": ""2007"", ""issued_date_parts_0_1"": """", ""journal"": """", ""language"": ""en"", ""page"": """", ""publisher"": ""Ma:HRD Press and Silver Spring, Md:International Society for Performance Improvement"", ""publisher_place"": ""Amherst"", ""title"": ""Performance By Design: The systematic selection, design, and development of performance technologies that produce useful results"", ""type"": ""book"", ""url"": """", ""volume"": """"}"
reference-clean-108,Planning and conducting needs assessments: A practical guide,brwitkinjwaltschuld,1995,1995,Book,,,Books,en,,Sage Publications,,,,,,,,Catalog record,"{""author_0_family"": ""Witkin"", ""author_0_given"": ""B.R."", ""author_1_family"": ""Altschuld"", ""author_1_given"": ""J.W."", ""author_2_family"": """", ""author_2_given"": """", ""author_3_family"": """", ""author_3_given"": """", ""author_4_family"": """", ""author_4_given"": """", ""doi"": """", ""edition"": """", ""editor_0_family"": """", ""editor_0_given"": """", ""editor_1_family"": """", ""editor_1_given"": """", ""id"": """", ""issue"": """", ""issued_date_parts_0_0"": ""1995"", ""issued_date_parts_0_1"": """", ""journal"": """", ""language"": ""en"", ""page"": """", ""publisher"": ""Sage Publications"", ""publisher_place"": ""Thousand Oaks, CA"", ""title"": ""Planning and conducting needs assessments: A practical guide"", ""type"": ""book"", ""url"": """", ""volume"": """"}"
reference-893,Assessing needs in educational and social programs,brwitkin,1984,1984,Book,,,Books,en,,Jossey-Bass,,,,,,,,Reference details recovered,"{""author_0_family"": ""Witkin"", ""author_0_given"": ""B.R."", ""author_1_family"": """", ""author_1_given"": """", ""author_2_family"": """", ""author_2_given"": """", ""author_3_family"": """", ""author_3_given"": """", ""author_4_family"": """", ""author_4_given"": """", ""doi"": """", ""edition"": """", ""editor_0_family"": """", ""editor_0_given"": """", ""editor_1_family"": """", ""editor_1_given"": """", ""id"": """", ""issue"": """", ""issued_date_parts_0_0"": ""1984"", ""issued_date_parts_0_1"": """", ""journal"": """", ""language"": ""en"", ""page"": """", ""publisher"": ""Jossey-Bass"", ""publisher_place"": ""San Francisco"", ""title"": ""Assessing needs in educational and social programs"", ""type"": ""book"", ""url"": """", ""volume"": """"}"
reference-894,Figuring things out: A trainer's guide to needs and task analysis,rzemketkramlinger,1982,1982,Book,,,Books,en,,Addison-Wesley,,,,,,,,Reference details recovered,"{""author_0_family"": ""Zemke"", ""author_0_given"": ""R."", ""author_1_family"": ""Kramlinger"", ""author_1_given"": ""T."", ""author_2_family"": """", ""author_2_given"": """", ""author_3_family"": """", ""author_3_given"": """", ""author_4_family"": """", ""author_4_given"": """", ""doi"": """", ""edition"": """", ""editor_0_family"": """", ""editor_0_given"": """", ""editor_1_family"": """", ""editor_1_given"": """", ""id"": """", ""issue"": """", ""issued_date_parts_0_0"": ""1982"", ""issued_date_parts_0_1"": """", ""journal"": """", ""language"": ""en"", ""page"": """", ""publisher"": ""Addison-Wesley"", ""publisher_place"": ""Boston, MA"", ""title"": ""Figuring things out: A trainer's guide to needs and task analysis"", ""type"": ""book"", ""url"": """", ""volume"": """"}"
reference-868,30 Seconds That CanChange Your Life: A Decision-Making Guide for Those Who Refuse to be Mediocre,R. Kaufman,2006,2006,Book,,https://www.scribd.com/doc/59828150/Roger-Kaufman-30-Seconds-That-Can-Change-Your-Life,Books,en,,Amherst,,,,,,,,Reference details recovered,"{""author_0_family"": ""Kaufman"", ""author_0_given"": ""R."", ""issued_date_parts_0_0"": ""2006"", ""title"": ""30 Seconds That CanChange Your Life: A Decision-Making Guide for Those Who Refuse to be Mediocre"", ""type"": ""book"", ""journal"": """", ""volume"": """", ""issue"": """", ""page"": """", ""edition"": """", ""in_book"": """", ""publisher"": ""Amherst"", ""publisher_place"": ""MA"", ""doi"": """", ""url"": ""https://www.scribd.com/doc/59828150/Roger-Kaufman-30-Seconds-That-Can-Change-Your-Life"", ""language"": ""en"", ""author_1_family"": """", ""author_1_given"": """", ""author_2_family"": """", ""author_2_given"": """", ""author_3_family"": """", ""author_3_given"": """", ""author_4_family"": """", ""author_4_given"": """", ""editor_0_given"": """", ""editor_0_family"": """", ""issued_date_parts_0_1"": """", ""editor_1_family"": """", ""editor_1_given"": """", ""photo"": """"}"
reference-861,An ounce of analysis is worth a pound of objectives.,Harless,1975,1975,Book,,,Books,,,,,,,,,,,Listing only,
reference-619,Analyzing communication sequences for team training needs assessment,C.A. Bowers; F. Jentsch; E. Salas; C.C. Braun,1998,1998,Journal article,,,Articles and Chapters,fr,Human Factors,,,672–9,40,4,,,,Reference details recovered,"{""author_0_family"": ""Bowers"", ""author_0_given"": ""C.A."", ""issued_date_parts_0_0"": ""1998"", ""title"": ""Analyzing communication sequences for team training needs assessment"", ""type"": ""article-journal"", ""journal"": ""Human Factors"", ""volume"": ""40"", ""issue"": ""4"", ""page"": ""672–9"", ""edition"": """", ""in_book"": """", ""publisher"": """", ""publisher_place"": """", ""doi"": """", ""url"": """", ""language"": ""fr"", ""author_1_family"": ""Jentsch"", ""author_1_given"": ""F."", ""author_2_family"": ""Salas"", ""author_2_given"": ""E."", ""author_3_family"": ""Braun"", ""author_3_given"": ""C.C."", ""author_4_family"": """", ""author_4_given"": """", ""editor_0_given"": """", ""editor_0_family"": """", ""issued_date_parts_0_1"": """", ""editor_1_family"": """", ""editor_1_given"": """", ""photo"": """"}"
reference-876,Analyzing performance problems.,B. Mager; R. Pipe,1997,1997,Book,,,Books,en,,The Center for Effective Performance,,,,,3rd,,,Reference details recovered,"{""author_0_family"": ""Mager"", ""author_0_given"": ""B."", ""issued_date_parts_0_0"": ""1997"", ""title"": ""Analyzing performance problems."", ""type"": ""book"", ""journal"": """", ""volume"": """", ""issue"": """", ""page"": """", ""edition"": ""3rd"", ""in_book"": """", ""publisher"": ""The Center for Effective Performance"", ""publisher_place"": ""Atlanta, GA"", ""doi"": """", ""url"": """", ""language"": ""en"", ""author_1_family"": ""Pipe"", ""author_1_given"": ""R."", ""author_2_family"": """", ""author_2_given"": """", ""author_3_family"": """", ""author_3_given"": """", ""author_4_family"": """", ""author_4_given"": """", ""editor_0_given"": """", ""editor_0_family"": """", ""issued_date_parts_0_1"": """", ""editor_1_family"": """", ""editor_1_given"": """", ""photo"": """"}"
reference-821,Assessing and Evaluating Differentiating perspectives.,Watkins,2002,2002,Article/Chapter,,,Articles and Chapters,,,,,,,,,,,Listing only,
reference-968,Assessing Needs and Planning Care in Social Work,B Taylor; T Devine,2020,2020,Book,,https://www.routledge.com/Assessing-Needs-and-Planning-Care-in-Social-Work/Taylor-Devine/p/book/9781857421446,Books,,,Routledge,,,,,,,,Reference details recovered,"{""author_0_family"": ""Taylor"", ""author_0_given"": ""B"", ""issued_date_parts_0_0"": ""2020"", ""title"": ""Assessing Needs and Planning Care in Social Work"", ""type"": ""book"", ""journal"": """", ""volume"": """", ""issue"": """", ""page"": """", ""edition"": """", ""in_book"": """", ""publisher"": ""Routledge"", ""publisher_place"": """", ""doi"": """", ""url"": ""https://www.routledge.com/Assessing-Needs-and-Planning-Care-in-Social-Work/Taylor-Devine/p/book/9781857421446"", ""language"": """", ""author_1_family"": ""Devine"", ""author_1_given"": ""T"", ""author_2_family"": """", ""author_2_given"": """", ""author_3_family"": """", ""author_3_given"": """", ""author_4_family"": """", ""author_4_given"": """", ""editor_0_given"": """", ""editor_0_family"": """", ""issued_date_parts_0_1"": """", ""editor_1_family"": """", ""editor_1_given"": """", ""photo"": """"}"
reference-964,Beyond Maslow’s pyramid: introducing a typology of thirteen fundamental needs for human-centered design.,P DesmetBeyond Maslow’s pyramid: introducing a typology of thirteen fundamental needs for human-centered design..; S Fokkinga,2020,2020,Journal article,,,Articles and Chapters,,Multimodal Technologies and Interaction,,,38,4,3,,,,Reference details recovered,"{""author_0_family"": ""DesmetBeyond Maslow’s pyramid: introducing a typology of thirteen fundamental needs for human-centered design.."", ""author_0_given"": ""P"", ""issued_date_parts_0_0"": ""2020"", ""title"": ""Beyond Maslow’s pyramid: introducing a typology of thirteen fundamental needs for human-centered design."", ""type"": ""article-journal"", ""journal"": ""Multimodal Technologies and Interaction"", ""volume"": ""4"", ""issue"": ""3"", ""page"": ""38"", ""edition"": """", ""in_book"": """", ""publisher"": """", ""publisher_place"": """", ""doi"": """", ""url"": """", ""language"": """", ""author_1_family"": ""Fokkinga"", ""author_1_given"": ""S"", ""author_2_family"": """", ""author_2_given"": """", ""author_3_family"": """", ""author_3_given"": """", ""author_4_family"": """", ""author_4_given"": """", ""editor_0_given"": """", ""editor_0_family"": """", ""issued_date_parts_0_1"": """", ""editor_1_family"": """", ""editor_1_given"": """", ""photo"": """"}"
reference-689,"Can ""needs",B. James,1956,1956,Journal article,,,Articles and Chapters,en,define educational goals. Adult Education Quarterly,,,19–26,7,19,,,,Reference details recovered,"{""author_0_family"": ""James"", ""author_0_given"": ""B."", ""issued_date_parts_0_0"": ""1956"", ""title"": ""Can \""needs"", ""type"": ""article-journal"", ""journal"": ""define educational goals. Adult Education Quarterly"", ""volume"": ""7"", ""issue"": ""19"", ""page"": ""19–26"", ""edition"": """", ""in_book"": """", ""publisher"": """", ""publisher_place"": """", ""doi"": """", ""url"": """", ""language"": ""en"", ""author_1_family"": """", ""author_1_given"": """", ""author_2_family"": """", ""author_2_given"": """", ""author_3_family"": """", ""author_3_given"": """", ""author_4_family"": """", ""author_4_given"": """", ""editor_0_given"": """", ""editor_0_family"": """", ""issued_date_parts_0_1"": """", ""editor_1_family"": """", ""editor_1_given"": """", ""photo"": """"}"
reference-860,Conducting a Mini Needs Assessment,K. Gupta,2001,2001,Book,,,Books,en,,American Society for Training Development,,,,,,,,Reference details recovered,"{""author_0_family"": ""Gupta"", ""author_0_given"": ""K."", ""issued_date_parts_0_0"": ""2001"", ""title"": ""Conducting a Mini Needs Assessment"", ""type"": ""book"", ""journal"": """", ""volume"": """", ""issue"": """", ""page"": """", ""edition"": """", ""in_book"": """", ""publisher"": ""American Society for Training Development"", ""publisher_place"": ""Alexandria, VA"", ""doi"": """", ""url"": """", ""language"": ""en"", ""author_1_family"": """", ""author_1_given"": """", ""author_2_family"": """", ""author_2_given"": """", ""author_3_family"": """", ""author_3_given"": """", ""author_4_family"": """", ""author_4_given"": """", ""editor_0_given"": """", ""editor_0_family"": """", ""issued_date_parts_0_1"": """", ""editor_1_family"": """", ""editor_1_given"": """", ""photo"": """"}"
reference-877,Conducting a needs analysis,G. McArdle,1998,1998,Book,,,Books,en,,CrispLearning,,,,,,,,Reference details recovered,"{""author_0_family"": ""McArdle"", ""author_0_given"": ""G."", ""issued_date_parts_0_0"": ""1998"", ""title"": ""Conducting a needs analysis"", ""type"": ""book"", ""journal"": """", ""volume"": """", ""issue"": """", ""page"": """", ""edition"": """", ""in_book"": """", ""publisher"": ""CrispLearning"", ""publisher_place"": ""Menlo Park, CA"", ""doi"": """", ""url"": """", ""language"": ""en"", ""author_1_family"": """", ""author_1_given"": """", ""author_2_family"": """", ""author_2_given"": """", ""author_3_family"": """", ""author_3_given"": """", ""author_4_family"": """", ""author_4_given"": """", ""editor_0_given"": """", ""editor_0_family"": """", ""issued_date_parts_0_1"": """", ""editor_1_family"": """", ""editor_1_given"": """", ""photo"": """"}"
reference-957,Defining floors and ceilings: the contribution of human needs theory.,Gough,2020,2020,Article/Chapter,,,Articles and Chapters,,,,,,,,,,,Listing only,
reference-892,Designing and conducting needs assessments: A practical guide,B.R. Witkin; J.W. Altschuld,1995,1995,Book,,,Books,en,,Sage Publications,,,,,,,,Reference details recovered,"{""author_0_family"": ""Witkin"", ""author_0_given"": ""B.R."", ""issued_date_parts_0_0"": ""1995"", ""title"": ""Designing and conducting needs assessments: A practical guide"", ""type"": ""book"", ""journal"": """", ""volume"": """", ""issue"": """", ""page"": """", ""edition"": """", ""in_book"": """", ""publisher"": ""Sage Publications"", ""publisher_place"": ""Thousand Oaks, CA"", ""doi"": """", ""url"": """", ""language"": ""en"", ""author_1_family"": ""Altschuld"", ""author_1_given"": ""J.W."", ""author_2_family"": """", ""author_2_given"": """", ""author_3_family"": """", ""author_3_given"": """", ""author_4_family"": """", ""author_4_given"": """", ""editor_0_given"": """", ""editor_0_family"": """", ""issued_date_parts_0_1"": """", ""editor_1_family"": """", ""editor_1_given"": """", ""photo"": """"}"
reference-717,Determining training needs: four simple and effective approaches,D.L. Kirkpatrick,1977,1977,Journal article,,,Articles and Chapters,en,Training and Development Journal,,,22–5,31,2,,,,Reference details recovered,"{""author_0_family"": ""Kirkpatrick"", ""author_0_given"": ""D.L."", ""issued_date_parts_0_0"": ""1977"", ""title"": ""Determining training needs: four simple and effective approaches"", ""type"": ""article-journal"", ""journal"": ""Training and Development Journal"", ""volume"": ""31"", ""issue"": ""2"", ""page"": ""22–5"", ""edition"": """", ""in_book"": """", ""publisher"": """", ""publisher_place"": """", ""doi"": """", ""url"": """", ""language"": ""en"", ""author_1_family"": """", ""author_1_given"": """", ""author_2_family"": """", ""author_2_given"": """", ""author_3_family"": """", ""author_3_given"": """", ""author_4_family"": """", ""author_4_given"": """", ""editor_0_given"": """", ""editor_0_family"": """", ""issued_date_parts_0_1"": """", ""editor_1_family"": """", ""editor_1_given"": """", ""photo"": """"}"
reference-956,Developing A Needs Assessment Plan: A Practical Guide for Public Libraries,JA Brown,2020,2020,Journal article,,,Articles and Chapters,,Public Library Quarterly,,,1-13,,,,,,Reference details recovered,"{""author_0_family"": ""Brown"", ""author_0_given"": ""JA"", ""issued_date_parts_0_0"": ""2020"", ""title"": ""Developing A Needs Assessment Plan: A Practical Guide for Public Libraries"", ""type"": ""article-journal"", ""journal"": ""Public Library Quarterly"", ""volume"": """", ""issue"": """", ""page"": ""1-13"", ""edition"": """", ""in_book"": """", ""publisher"": """", ""publisher_place"": """", ""doi"": """", ""url"": """", ""language"": """", ""author_1_family"": """", ""author_1_given"": """", ""author_2_family"": """", ""author_2_given"": """", ""author_3_family"": """", ""author_3_given"": """", ""author_4_family"": """", ""author_4_given"": """", ""editor_0_given"": """", ""editor_0_family"": """", ""issued_date_parts_0_1"": """", ""editor_1_family"": """", ""editor_1_given"": """", ""photo"": """"}"
reference-898,Effectiveness of Training in Organizations: A Meta-analysis of Design and  Evaluation Features,Arthur,2003,2003,Article/Chapter,,,Articles and Chapters,,,,,,,,,,,Listing only,
reference-708,February,Kaufman,1994,1994,Article/Chapter,,,Articles and Chapters,,,,,,,,,,,Listing only,
reference-882,Frist Things Fast: A Handbook for Performance Analysis (Essential Knowledge Resource),A. Rossett,2009,2009,Book,,,Books,en,,Jossey-Bass,,,,,2nd,,,Reference details recovered,"{""author_0_family"": ""Rossett"", ""author_0_given"": ""A."", ""issued_date_parts_0_0"": ""2009"", ""title"": ""Frist Things Fast: A Handbook for Performance Analysis (Essential Knowledge Resource)"", ""type"": ""book"", ""journal"": """", ""volume"": """", ""issue"": """", ""page"": """", ""edition"": ""2nd"", ""in_book"": """", ""publisher"": ""Jossey-Bass"", ""publisher_place"": ""San Francisco, CA"", ""doi"": """", ""url"": """", ""language"": ""en"", ""author_1_family"": """", ""author_1_given"": """", ""author_2_family"": """", ""author_2_given"": """", ""author_3_family"": """", ""author_3_given"": """", ""author_4_family"": """", ""author_4_given"": """", ""editor_0_given"": """", ""editor_0_family"": """", ""issued_date_parts_0_1"": """", ""editor_1_family"": """", ""editor_1_given"": """", ""photo"": """"}"
reference-904,https://doi.org/10.1002/ev.20099,R. Dalton; M.S. Scheeringa; C.H. Zeanah,2008,2008,Journal article,,,Articles and Chapters,en,Psychiatric Annals,,https://doi.org/10.1103/physrev.113.1002,134–141,38,2,,,,Reference details recovered,"{""author_0_family"": ""Dalton"", ""author_0_given"": ""R."", ""issued_date_parts_0_0"": ""2008"", ""title"": ""https://doi.org/10.1002/ev.20099"", ""type"": ""article-journal"", ""journal"": ""Psychiatric Annals"", ""volume"": ""38"", ""issue"": ""2"", ""page"": ""134–141"", ""edition"": """", ""in_book"": """", ""publisher"": """", ""publisher_place"": """", ""doi"": ""https://doi.org/10.1103/physrev.113.1002"", ""url"": """", ""language"": ""en"", ""author_1_family"": ""Scheeringa"", ""author_1_given"": ""M.S."", ""author_2_family"": ""Zeanah"", ""author_2_given"": ""C.H."", ""author_3_family"": """", ""author_3_given"": """", ""author_4_family"": """", ""author_4_given"": """", ""editor_0_given"": """", ""editor_0_family"": """", ""issued_date_parts_0_1"": """", ""editor_1_family"": """", ""editor_1_given"": """", ""photo"": """"}"
reference-959,"Human needs, consumerism and welfare.",WJ Fellner; B Goehmann,2020,2020,Journal article,,,Articles and Chapters,,"Cambridge Journal of Economics,",,https://doi.org/10.1093/cje/bez046,303-318.,44,2,,,,Reference details recovered,"{""author_0_family"": ""Fellner"", ""author_0_given"": ""WJ"", ""issued_date_parts_0_0"": ""2020"", ""title"": ""Human needs, consumerism and welfare."", ""type"": ""article-journal"", ""journal"": ""Cambridge Journal of Economics,"", ""volume"": ""44"", ""issue"": ""2"", ""page"": ""303-318."", ""edition"": """", ""in_book"": """", ""publisher"": """", ""publisher_place"": """", ""doi"": ""https://doi.org/10.1093/cje/bez046"", ""url"": """", ""language"": """", ""author_1_family"": ""Goehmann"", ""author_1_given"": ""B"", ""author_2_family"": """", ""author_2_given"": """", ""author_3_family"": """", ""author_3_given"": """", ""author_4_family"": """", ""author_4_given"": """", ""editor_0_given"": """", ""editor_0_family"": """", ""issued_date_parts_0_1"": """", ""editor_1_family"": """", ""editor_1_given"": """", ""photo"": """"}"
reference-888,Human Resource Development: The theory and practice of needs assessment,F. Ulschak,1983,1983,Book,,,Books,en,,Reston Publishing,,,,,,,,Reference details recovered,"{""author_0_family"": ""Ulschak"", ""author_0_given"": ""F."", ""issued_date_parts_0_0"": ""1983"", ""title"": ""Human Resource Development: The theory and practice of needs assessment"", ""type"": ""book"", ""journal"": """", ""volume"": """", ""issue"": """", ""page"": """", ""edition"": """", ""in_book"": """", ""publisher"": ""Reston Publishing"", ""publisher_place"": ""Reston, VA"", ""doi"": """", ""url"": """", ""language"": ""en"", ""author_1_family"": """", ""author_1_given"": """", ""author_2_family"": """", ""author_2_given"": """", ""author_3_family"": """", ""author_3_given"": """", ""author_4_family"": """", ""author_4_given"": """", ""editor_0_given"": """", ""editor_0_family"": """", ""issued_date_parts_0_1"": """", ""editor_1_family"": """", ""editor_1_given"": """", ""photo"": """"}"
reference-809,Improving training needs assessment processes via the Internet: system design and qualitative study,Tao,2006,2006,Article/Chapter,,,Articles and Chapters,,,,,,,,,,,Listing only,
reference-908,Individual and Contextual Influences on Self-assessed TrainingNeeds,Guthrie,1994,1994,Article/Chapter,,,Articles and Chapters,,,,,,,,,,,Listing only,
reference-636,Influential Factors of Training Needs Assessment,,,,Journal article,,,Articles and Chapters,en,International Journal of Business and,,https://doi.org/10.4135/9781544342351.n12,,,,,,,Reference details recovered,"{""author_0_family"": """", ""author_0_given"": """", ""issued_date_parts_0_0"": """", ""title"": ""Influential Factors of Training Needs Assessment"", ""type"": ""article-journal"", ""journal"": ""International Journal of Business and"", ""volume"": """", ""issue"": """", ""page"": """", ""edition"": """", ""in_book"": """", ""publisher"": """", ""publisher_place"": """", ""doi"": ""https://doi.org/10.4135/9781544342351.n12"", ""url"": """", ""language"": ""en"", ""author_1_family"": """", ""author_1_given"": """", ""author_2_family"": """", ""author_2_given"": """", ""author_3_family"": """", ""author_3_given"": """", ""author_4_family"": """", ""author_4_given"": """", ""editor_0_given"": """", ""editor_0_family"": """", ""issued_date_parts_0_1"": """", ""editor_1_family"": """", ""editor_1_given"": """", ""photo"": """"}"
reference-867,Mega planning: Practical tools for organizational success,R. Kaufman,2000,2000,Book,,,Books,en,,Sage Publications,,,,,,,,Reference details recovered,"{""author_0_family"": ""Kaufman"", ""author_0_given"": ""R."", ""issued_date_parts_0_0"": ""2000"", ""title"": ""Mega planning: Practical tools for organizational success"", ""type"": ""book"", ""journal"": """", ""volume"": """", ""issue"": """", ""page"": """", ""edition"": """", ""in_book"": """", ""publisher"": ""Sage Publications"", ""publisher_place"": ""Thousand Oaks, CA"", ""doi"": """", ""url"": """", ""language"": ""en"", ""author_1_family"": """", ""author_1_given"": """", ""author_2_family"": """", ""author_2_given"": """", ""author_3_family"": """", ""author_3_given"": """", ""author_4_family"": """", ""author_4_given"": """", ""editor_0_given"": """", ""editor_0_family"": """", ""issued_date_parts_0_1"": """", ""editor_1_family"": """", ""editor_1_given"": """", ""photo"": """"}"
reference-963,Needs and satisfiers: A tool for dealing with perspectivity in policy analysis,B Mahlert,2020,2020,Journal article,,https://link.springer.com/article/10.1057/s41287-020-00294-9,Articles and Chapters,,The European Journal of Development Research,,10.1057/s41287-020-00294-9,1-20,,,,,,Reference details recovered,"{""author_0_family"": ""Mahlert"", ""author_0_given"": ""B"", ""issued_date_parts_0_0"": ""2020"", ""title"": ""Needs and satisfiers: A tool for dealing with perspectivity in policy analysis"", ""type"": ""article-journal"", ""journal"": ""The European Journal of Development Research"", ""volume"": """", ""issue"": """", ""page"": ""1-20"", ""edition"": """", ""in_book"": """", ""publisher"": """", ""publisher_place"": """", ""doi"": ""10.1057/s41287-020-00294-9"", ""url"": ""https://link.springer.com/article/10.1057/s41287-020-00294-9"", ""language"": """", ""author_1_family"": """", ""author_1_given"": """", ""author_2_family"": """", ""author_2_given"": """", ""author_3_family"": """", ""author_3_given"": """", ""author_4_family"": """", ""author_4_given"": """", ""editor_0_given"": """", ""editor_0_family"": """", ""issued_date_parts_0_1"": """", ""editor_1_family"": """", ""editor_1_given"": """", ""photo"": """"}"
reference-872,Needs Assessment   A Guide for Educational Managers,Kaufman,1976,1976,Book,,,Books,,,,,,,,,,,Listing only,
reference-967,"Needs Assessment for Learning and Performance: Theory, Process, and Practice",J Stefaniak,2020,2020,Book,,https://www.routledge.com/Needs-Assessment-for-Learning-and-Performance-Theory-Process-and-Practice/Stefaniak/p/book/9780367253875,Books,,,Routledge,,,,,,,,Reference details recovered,"{""author_0_family"": ""Stefaniak"", ""author_0_given"": ""J"", ""issued_date_parts_0_0"": ""2020"", ""title"": ""Needs Assessment for Learning and Performance: Theory, Process, and Practice"", ""type"": ""book"", ""journal"": """", ""volume"": """", ""issue"": """", ""page"": """", ""edition"": """", ""in_book"": """", ""publisher"": ""Routledge"", ""publisher_place"": """", ""doi"": """", ""url"": ""https://www.routledge.com/Needs-Assessment-for-Learning-and-Performance-Theory-Process-and-Practice/Stefaniak/p/book/9780367253875"", ""language"": """", ""author_1_family"": """", ""author_1_given"": """", ""author_2_family"": """", ""author_2_given"": """", ""author_3_family"": """", ""author_3_given"": """", ""author_4_family"": """", ""author_4_given"": """", ""editor_0_given"": """", ""editor_0_family"": """", ""issued_date_parts_0_1"": """", ""editor_1_family"": """", ""editor_1_given"": """", ""photo"": """"}"
reference-863,Needs Assessment for Organizational Success,R. Kaufman; I. Guerra-Lopez,2013,2013,Book,,,Books,en,,ASTD Press,,,,,,,,Reference details recovered,"{""author_0_family"": ""Kaufman"", ""author_0_given"": ""R."", ""issued_date_parts_0_0"": ""2013"", ""title"": ""Needs Assessment for Organizational Success"", ""type"": ""book"", ""journal"": """", ""volume"": """", ""issue"": """", ""page"": """", ""edition"": """", ""in_book"": """", ""publisher"": ""ASTD Press"", ""publisher_place"": ""Alexandria,  VA"", ""doi"": """", ""url"": """", ""language"": ""en"", ""author_1_family"": ""Guerra-Lopez"", ""author_1_given"": ""I."", ""author_2_family"": """", ""author_2_given"": """", ""author_3_family"": """", ""author_3_given"": """", ""author_4_family"": """", ""author_4_given"": """", ""editor_0_given"": """", ""editor_0_family"": """", ""issued_date_parts_0_1"": """", ""editor_1_family"": """", ""editor_1_given"": """", ""photo"": """"}"
reference-851,Needs Assessment KIT.,J.W. Altschuld,2010,2010,Book series,,,Books,en,,SAGE Publications,,,,,,,,Reference details recovered,"{""author_0_family"": ""Altschuld"", ""author_0_given"": ""J.W."", ""issued_date_parts_0_0"": ""2010"", ""title"": ""Needs Assessment KIT."", ""type"": ""book series"", ""journal"": """", ""volume"": """", ""issue"": """", ""page"": """", ""edition"": """", ""in_book"": """", ""publisher"": ""SAGE Publications"", ""publisher_place"": ""Thousand Oaks, CA"", ""doi"": """", ""url"": """", ""language"": ""en"", ""author_1_family"": """", ""author_1_given"": """", ""author_2_family"": """", ""author_2_given"": """", ""author_3_family"": """", ""author_3_given"": """", ""author_4_family"": """", ""author_4_given"": """", ""editor_0_given"": """", ""editor_0_family"": """", ""issued_date_parts_0_1"": """", ""editor_1_family"": """", ""editor_1_given"": """", ""photo"": """"}"
reference-896,Needs Assessment Knowledge from Facilitator of Community Empowerment Program in the Digital Era.,P Purnomo; A Hufad; U Wahyudin; A Akhyadi; D Lutfiansyah,2020,2020,Journal article,,,Articles and Chapters,,"Digital Era. Journal of Nonformal Education,",,,pp.130-138,6,2,,,,Reference details recovered,"{""author_0_family"": ""Purnomo"", ""author_0_given"": ""P"", ""issued_date_parts_0_0"": ""2020"", ""title"": ""Needs Assessment Knowledge from Facilitator of Community Empowerment Program in the Digital Era."", ""type"": ""article-journal"", ""journal"": ""Digital Era. Journal of Nonformal Education,"", ""volume"": ""6"", ""issue"": ""2"", ""page"": ""pp.130-138"", ""edition"": """", ""in_book"": """", ""publisher"": """", ""publisher_place"": """", ""doi"": """", ""url"": """", ""language"": """", ""author_1_family"": ""Hufad"", ""author_1_given"": ""A"", ""author_2_family"": ""Wahyudin"", ""author_2_given"": ""U"", ""author_3_family"": ""Akhyadi"", ""author_3_given"": ""A"", ""author_4_family"": ""Lutfiansyah"", ""author_4_given"": ""D"", ""editor_0_given"": """", ""editor_0_family"": """", ""issued_date_parts_0_1"": """", ""editor_1_family"": """", ""editor_1_given"": """", ""photo"": """"}"
reference-850,Needs assessment to action: Transforming needs into solution strategies.,J.W. Altschuld; B.R. Witkin,2000,2000,Book,,,Books,en,,Sage Publications,,,,,,,,Reference details recovered,"{""author_0_family"": ""Altschuld"", ""author_0_given"": ""J.W."", ""issued_date_parts_0_0"": ""2000"", ""title"": ""Needs assessment to action: Transforming needs into solution strategies."", ""type"": ""book"", ""journal"": """", ""volume"": """", ""issue"": """", ""page"": """", ""edition"": """", ""in_book"": """", ""publisher"": ""Sage Publications"", ""publisher_place"": ""Thousand Oaks, CA"", ""doi"": """", ""url"": """", ""language"": ""en"", ""author_1_family"": ""Witkin"", ""author_1_given"": ""B.R."", ""author_2_family"": """", ""author_2_given"": """", ""author_3_family"": """", ""author_3_given"": """", ""author_4_family"": """", ""author_4_given"": """", ""editor_0_given"": """", ""editor_0_family"": """", ""issued_date_parts_0_1"": """", ""editor_1_family"": """", ""editor_1_given"": """", ""photo"": """"}"
reference-955,Needs Assessment Tool Kit.,R Bayer; V Mitchell-Hawkins; A Travis,2020,2020,Journal article,,,Articles and Chapters,,"Journal of Extension,",,,v58-1tt1,58,1,,,,Reference details recovered,"{""author_0_family"": ""Bayer"", ""author_0_given"": ""R"", ""issued_date_parts_0_0"": ""2020"", ""title"": ""Needs Assessment Tool Kit."", ""type"": ""article-journal"", ""journal"": ""Journal of Extension,"", ""volume"": ""58"", ""issue"": ""1"", ""page"": ""v58-1tt1"", ""edition"": """", ""in_book"": """", ""publisher"": """", ""publisher_place"": """", ""doi"": """", ""url"": """", ""language"": """", ""author_1_family"": ""Mitchell-Hawkins"", ""author_1_given"": ""V"", ""author_2_family"": ""Travis"", ""author_2_given"": ""A"", ""author_3_family"": """", ""author_3_given"": """", ""author_4_family"": """", ""author_4_given"": """", ""editor_0_given"": """", ""editor_0_family"": """", ""issued_date_parts_0_1"": """", ""editor_1_family"": """", ""editor_1_given"": """", ""photo"": """"}"
reference-879,Needs Assessment: A Creative and Practical Guide for Social Scientists,R. Reviere,1996,1996,Book,,,Books,en,,Taylor and Francis,,,,,,,,Reference details recovered,"{""author_0_family"": ""Reviere"", ""author_0_given"": ""R."", ""issued_date_parts_0_0"": ""1996"", ""title"": ""Needs Assessment: A Creative and Practical Guide for Social Scientists"", ""type"": ""book"", ""journal"": """", ""volume"": """", ""issue"": """", ""page"": """", ""edition"": """", ""in_book"": """", ""publisher"": ""Taylor and Francis"", ""publisher_place"": ""Washington, DC"", ""doi"": """", ""url"": """", ""language"": ""en"", ""author_1_family"": """", ""author_1_given"": """", ""author_2_family"": """", ""author_2_given"": """", ""author_3_family"": """", ""author_3_given"": """", ""author_4_family"": """", ""author_4_given"": """", ""editor_0_given"": """", ""editor_0_family"": """", ""issued_date_parts_0_1"": """", ""editor_1_family"": """", ""editor_1_given"": """", ""photo"": """"}"
reference-874,Needs Assessment: A user's guide.,R. Kaufman; A. Rojas; H. Mayer,1993,1993,Book,,,Books,en,,Educational Technology Publishers,,,,,,,,Reference details recovered,"{""author_0_family"": ""Kaufman"", ""author_0_given"": ""R."", ""issued_date_parts_0_0"": ""1993"", ""title"": ""Needs Assessment: A user's guide."", ""type"": ""book"", ""journal"": """", ""volume"": """", ""issue"": """", ""page"": """", ""edition"": """", ""in_book"": """", ""publisher"": ""Educational Technology Publishers"", ""publisher_place"": ""Englewood Cliffs, NJ."", ""doi"": """", ""url"": """", ""language"": ""en"", ""author_1_family"": ""Rojas"", ""author_1_given"": ""A."", ""author_2_family"": ""Mayer"", ""author_2_given"": ""H."", ""author_3_family"": """", ""author_3_given"": """", ""author_4_family"": """", ""author_4_given"": """", ""editor_0_given"": """", ""editor_0_family"": """", ""issued_date_parts_0_1"": """", ""editor_1_family"": """", ""editor_1_given"": """", ""photo"": """"}"
reference-873,Needs assessment: Concept and Application,R. Kaufman; FW English,1979,1979,Book,,,Books,en,,Educational Technology Publications,,,,,,,,Reference details recovered,"{""author_0_family"": ""Kaufman"", ""author_0_given"": ""R."", ""issued_date_parts_0_0"": ""1979"", ""title"": ""Needs assessment: Concept and Application"", ""type"": ""book"", ""journal"": """", ""volume"": """", ""issue"": """", ""page"": """", ""edition"": """", ""in_book"": """", ""publisher"": ""Educational Technology Publications"", ""publisher_place"": ""Englewood Cliffs, NJ"", ""doi"": """", ""url"": """", ""language"": ""en"", ""author_1_family"": ""English"", ""author_1_given"": ""FW"", ""author_2_family"": """", ""author_2_given"": """", ""author_3_family"": """", ""author_3_given"": """", ""author_4_family"": """", ""author_4_given"": """", ""editor_0_given"": """", ""editor_0_family"": """", ""issued_date_parts_0_1"": """", ""editor_1_family"": """", ""editor_1_given"": """", ""photo"": """"}"
reference-883,Needs Assessment: Pocket guide to social work research methods,D. Royse; M. Staton-Tindall; K. Badger; J. Webster,2009,2009,Book,,,Books,en,,Oxford University Press,,,,,,,,Reference details recovered,"{""author_0_family"": ""Royse"", ""author_0_given"": ""D."", ""issued_date_parts_0_0"": ""2009"", ""title"": ""Needs Assessment: Pocket guide to social work research methods"", ""type"": ""book"", ""journal"": """", ""volume"": """", ""issue"": """", ""page"": """", ""edition"": """", ""in_book"": """", ""publisher"": ""Oxford University Press"", ""publisher_place"": ""New York"", ""doi"": """", ""url"": """", ""language"": ""en"", ""author_1_family"": ""Staton-Tindall"", ""author_1_given"": ""M."", ""author_2_family"": ""Badger"", ""author_2_given"": ""K."", ""author_3_family"": ""Webster"", ""author_3_given"": ""J."", ""author_4_family"": """", ""author_4_given"": """", ""editor_0_given"": """", ""editor_0_family"": """", ""issued_date_parts_0_1"": """", ""editor_1_family"": """", ""editor_1_given"": """", ""photo"": """"}"
reference-862,Needs assessment: Theory and methods,Johnson,1987,1987,Book,,,Books,,,,,,,,,,,Listing only,
reference-885,Needs Assessments: A multidisciplinary approach,F.I. Soriano,1995,1995,Book,,,Books,en,,"Sage Publications, Inc",,,,,,,,Reference details recovered,"{""author_0_family"": ""Soriano"", ""author_0_given"": ""F.I."", ""issued_date_parts_0_0"": ""1995"", ""title"": ""Needs Assessments: A multidisciplinary approach"", ""type"": ""book"", ""journal"": """", ""volume"": """", ""issue"": """", ""page"": """", ""edition"": """", ""in_book"": """", ""publisher"": ""Sage Publications, Inc"", ""publisher_place"": ""Thousand Oaks, CA"", ""doi"": """", ""url"": """", ""language"": ""en"", ""author_1_family"": """", ""author_1_given"": """", ""author_2_family"": """", ""author_2_given"": """", ""author_3_family"": """", ""author_3_given"": """", ""author_4_family"": """", ""author_4_given"": """", ""editor_0_given"": """", ""editor_0_family"": """", ""issued_date_parts_0_1"": """", ""editor_1_family"": """", ""editor_1_given"": """", ""photo"": """"}"
reference-682,Performance appraisal in the training needs analysis process: a review and critique,Herbert,1990,1990,Article/Chapter,,,Articles and Chapters,,,,,,,,,,,Listing only,
reference-966,Post-Disaster Needs Assessment : Lessons from a Decade of Experience,T. Jeggle; M Boggero,2021,2021,Book,,https://openknowledge.worldbank.org/handle/10986/30945,Books,,,World Bank Group,,,,,,,,Reference details recovered,"{""author_0_family"": ""Jeggle"", ""author_0_given"": ""T."", ""issued_date_parts_0_0"": ""2021"", ""title"": ""Post-Disaster Needs Assessment : Lessons from a Decade of Experience"", ""type"": ""book"", ""journal"": """", ""volume"": """", ""issue"": """", ""page"": """", ""edition"": """", ""in_book"": """", ""publisher"": ""World Bank Group"", ""publisher_place"": ""Washington DC"", ""doi"": """", ""url"": ""https://openknowledge.worldbank.org/handle/10986/30945"", ""language"": """", ""author_1_family"": ""Boggero"", ""author_1_given"": ""M"", ""author_2_family"": """", ""author_2_given"": """", ""author_3_family"": """", ""author_3_given"": """", ""author_4_family"": """", ""author_4_given"": """", ""editor_0_given"": """", ""editor_0_family"": """", ""issued_date_parts_0_1"": """", ""editor_1_family"": """", ""editor_1_given"": """", ""photo"": """"}"
reference-859,Practical Guide to Needs Assessment,K. Gupta; C. Sleezer; D. Russ-Eft,2007,2007,Book,,,Books,en,,Pfeiffer,,,,,2nd,,,Reference details recovered,"{""author_0_family"": ""Gupta"", ""author_0_given"": ""K."", ""issued_date_parts_0_0"": ""2007"", ""title"": ""Practical Guide to Needs Assessment"", ""type"": ""book"", ""journal"": """", ""volume"": """", ""issue"": """", ""page"": """", ""edition"": ""2nd"", ""in_book"": """", ""publisher"": ""Pfeiffer"", ""publisher_place"": ""San Francisco"", ""doi"": """", ""url"": """", ""language"": ""en"", ""author_1_family"": ""Sleezer"", ""author_1_given"": ""C."", ""author_2_family"": ""Russ-Eft"", ""author_2_given"": ""D."", ""author_3_family"": """", ""author_3_given"": """", ""author_4_family"": """", ""author_4_given"": """", ""editor_0_given"": """", ""editor_0_family"": """", ""issued_date_parts_0_1"": """", ""editor_1_family"": """", ""editor_1_given"": """", ""photo"": """"}"
reference-629,Rapid needs assessments for older adults in disasters,J. Burnett; C.B. Dyer; S. Pickins,2007,2007,Journal article,,,Articles and Chapters,en,Generations,,,10–15,31,4,,,,Reference details recovered,"{""author_0_family"": ""Burnett"", ""author_0_given"": ""J."", ""issued_date_parts_0_0"": ""2007"", ""title"": ""Rapid needs assessments for older adults in disasters"", ""type"": ""article-journal"", ""journal"": ""Generations"", ""volume"": ""31"", ""issue"": ""4"", ""page"": ""10–15"", ""edition"": """", ""in_book"": """", ""publisher"": """", ""publisher_place"": """", ""doi"": """", ""url"": """", ""language"": ""en"", ""author_1_family"": ""Dyer"", ""author_1_given"": ""C.B."", ""author_2_family"": ""Pickins"", ""author_2_given"": ""S."", ""author_3_family"": """", ""author_3_given"": """", ""author_4_family"": """", ""author_4_given"": """", ""editor_0_given"": """", ""editor_0_family"": """", ""issued_date_parts_0_1"": """", ""editor_1_family"": """", ""editor_1_given"": """", ""photo"": """"}"
reference-903,Re–thinking Training Needs Analysis: A Proposed Framework for Literature Review,W. Chiu; D. Thompson; W. Mak; K.L. Lo,1999,1999,Journal article,,,Articles and Chapters,en,Literature ReviewPersonnel Review,,https://doi.org/10.1108/00483489910249009,77–89,28,,,,,Reference details recovered,"{""author_0_family"": ""Chiu"", ""author_0_given"": ""W."", ""issued_date_parts_0_0"": ""1999"", ""title"": ""Re–thinking Training Needs Analysis: A Proposed Framework for Literature Review"", ""type"": ""article-journal"", ""journal"": ""Literature ReviewPersonnel Review"", ""volume"": ""28"", ""issue"": """", ""page"": ""77–89"", ""edition"": """", ""in_book"": """", ""publisher"": """", ""publisher_place"": """", ""doi"": ""https://doi.org/10.1108/00483489910249009"", ""url"": """", ""language"": ""en"", ""author_1_family"": ""Thompson"", ""author_1_given"": ""D."", ""author_2_family"": ""Mak"", ""author_2_given"": ""W."", ""author_3_family"": ""Lo"", ""author_3_given"": ""K.L."", ""author_4_family"": """", ""author_4_given"": """", ""editor_0_given"": """", ""editor_0_family"": """", ""issued_date_parts_0_1"": """", ""editor_1_family"": """", ""editor_1_given"": """", ""photo"": """"}"
reference-905,Self-assessed training needs: The effects of attitudes toward training managerial level  and function,Ford,1987,1987,Article/Chapter,,,Articles and Chapters,,,,,,,,,,,Listing only,
reference-865,Strategic planning plus,R. Kaufman,1992,1992,Book,,,Books,en,,Sage Publishing,,,,,,,,Reference details recovered,"{""author_0_family"": ""Kaufman"", ""author_0_given"": ""R."", ""issued_date_parts_0_0"": ""1992"", ""title"": ""Strategic planning plus"", ""type"": ""book"", ""journal"": """", ""volume"": """", ""issue"": """", ""page"": """", ""edition"": """", ""in_book"": """", ""publisher"": ""Sage Publishing"", ""publisher_place"": ""Thousand Oaks, CA"", ""doi"": """", ""url"": """", ""language"": ""en"", ""author_1_family"": """", ""author_1_given"": """", ""author_2_family"": """", ""author_2_given"": """", ""author_3_family"": """", ""author_3_given"": """", ""author_4_family"": """", ""author_4_given"": """", ""editor_0_given"": """", ""editor_0_family"": """", ""issued_date_parts_0_1"": """", ""editor_1_family"": """", ""editor_1_given"": """", ""photo"": """"}"
reference-912,The Answer You Get Depends on Who (and What) you  ask,J.A. Jerabek; L. McMain,,,Journal article,,,Articles and Chapters,en,Journal of Library Administration,,https://doi.org/10.1300/j111v37n03_08,387 – 395,37:03:00,,,,,Reference details recovered,"{""author_0_family"": ""Jerabek"", ""author_0_given"": ""J.A."", ""issued_date_parts_0_0"": """", ""title"": ""The Answer You Get Depends on Who (and What) you  ask"", ""type"": ""article-journal"", ""journal"": ""Journal of Library Administration"", ""volume"": ""37:03:00"", ""issue"": """", ""page"": ""387 – 395"", ""edition"": """", ""in_book"": """", ""publisher"": """", ""publisher_place"": """", ""doi"": ""https://doi.org/10.1300/j111v37n03_08"", ""url"": """", ""language"": ""en"", ""author_1_family"": ""McMain"", ""author_1_given"": ""L."", ""author_2_family"": """", ""author_2_given"": """", ""author_3_family"": """", ""author_3_given"": """", ""author_4_family"": """", ""author_4_given"": """", ""editor_0_given"": """", ""editor_0_family"": """", ""issued_date_parts_0_1"": """", ""editor_1_family"": """", ""editor_1_given"": """", ""photo"": """"}"
reference-871,The Assessment Book: Applied Strategic Thinking and Performance Improvement Through Self-Assessments,R. Kaufman; I. Guerra-Lopez; R. Watkins; D. Leigh,2008,2008,Book,,,Books,en,,HRD Press,,,,,,,,Reference details recovered,"{""author_0_family"": ""Kaufman"", ""author_0_given"": ""R."", ""issued_date_parts_0_0"": ""2008"", ""title"": ""The Assessment Book: Applied Strategic Thinking and Performance Improvement Through Self-Assessments"", ""type"": ""book"", ""journal"": """", ""volume"": """", ""issue"": """", ""page"": """", ""edition"": """", ""in_book"": """", ""publisher"": ""HRD Press"", ""publisher_place"": ""Amherst, MA"", ""doi"": """", ""url"": """", ""language"": ""en"", ""author_1_family"": ""Guerra-Lopez"", ""author_1_given"": ""I."", ""author_2_family"": ""Watkins"", ""author_2_given"": ""R."", ""author_3_family"": ""Leigh"", ""author_3_given"": ""D."", ""author_4_family"": """", ""author_4_given"": """", ""editor_0_given"": """", ""editor_0_family"": """", ""issued_date_parts_0_1"": """", ""editor_1_family"": """", ""editor_1_given"": """", ""photo"": """"}"
reference-607,Title unavailable (reference-607),Altschuld,1986,1986,Article/Chapter,,,Articles and Chapters,,,,,,,,,,,Listing only,"{""original_title"": ""na.weshareresearch.com/resources/single-record/?pdb=607"", ""metadata"": """"}"
reference-625,Title unavailable (reference-625),Brinkerhoff,1986,1986,Article/Chapter,,,Articles and Chapters,,,,,,,,,,,Listing only,"{""original_title"": ""na.weshareresearch.com/resources/single-record/?pdb=625"", ""metadata"": """"}"
reference-637,Title unavailable (reference-637),,,,Article/Chapter,,,Articles and Chapters,,,,,,,,,,,Listing only,"{""original_title"": ""na.weshareresearch.com/resources/single-record/?pdb=637"", ""metadata"": """"}"
reference-681,Title unavailable (reference-681),Hazucha,1991,1991,Article/Chapter,,,Articles and Chapters,,,,,,,,,,,Listing only,"{""original_title"": ""na.weshareresearch.com/resources/single-record/?pdb=681"", ""metadata"": """"}"
reference-870,Title unavailable (reference-870),Kaufman,2001,2001,Book,,,Books,,,,,,,,,,,Listing only,"{""original_title"": ""na.weshareresearch.com/resources/single-record/?pdb=870"", ""metadata"": """"}"
reference-933,Towards 'Internationalizing,Watts,1985,1985,Article/Chapter,,,Articles and Chapters,,,,,,,,,,,Listing only,
reference-880,Training for impact: How to link training to business needs and measure the results,D. Robinson; C. Robinson,1989,1989,Book,,,Books,en,,Jossey-Bass,,,,,,,,Reference details recovered,"{""author_0_family"": ""Robinson"", ""author_0_given"": ""D."", ""issued_date_parts_0_0"": ""1989"", ""title"": ""Training for impact: How to link training to business needs and measure the results"", ""type"": ""book"", ""journal"": """", ""volume"": """", ""issue"": """", ""page"": """", ""edition"": """", ""in_book"": """", ""publisher"": ""Jossey-Bass"", ""publisher_place"": ""San Francisco, CA"", ""doi"": """", ""url"": """", ""language"": ""en"", ""author_1_family"": ""Robinson"", ""author_1_given"": ""C."", ""author_2_family"": """", ""author_2_given"": """", ""author_3_family"": """", ""author_3_given"": """", ""author_4_family"": """", ""author_4_given"": """", ""editor_0_given"": """", ""editor_0_family"": """", ""issued_date_parts_0_1"": """", ""editor_1_family"": """", ""editor_1_given"": """", ""photo"": """"}"
reference-675,Training needs analysis: an evaluation framework,Gould,2004,2004,Article/Chapter,,,Articles and Chapters,,,,,,,,,,,Listing only,
reference-747,Training Needs Assessment Data-gathering Methods:: Part 2 – Individual Interviews,McClelland,1994,1994,Article/Chapter,,,Articles and Chapters,,,,,,,,,,,Listing only,
reference-751,Training needs assessment: an 'open-systems',McClelland,1993,1993,Article/Chapter,,,Articles and Chapters,,,,,,,,,,,Listing only,
reference-784,What role can a training needs analysis play in organisational change?,J. Reed; M. Vakola,2006,2006,Journal article,,,Articles and Chapters,en,Journal of Organizational Change Management,,,393–407,19,3,,,,Reference details recovered,"{""author_0_family"": ""Reed"", ""author_0_given"": ""J."", ""issued_date_parts_0_0"": ""2006"", ""title"": ""What role can a training needs analysis play in organisational change?"", ""type"": ""article-journal"", ""journal"": ""Journal of Organizational Change Management"", ""volume"": ""19"", ""issue"": ""3"", ""page"": ""393–407"", ""edition"": """", ""in_book"": """", ""publisher"": """", ""publisher_place"": """", ""doi"": """", ""url"": """", ""language"": ""en"", ""author_1_family"": ""Vakola"", ""author_1_given"": ""M."", ""author_2_family"": """", ""author_2_given"": """", ""author_3_family"": """", ""author_3_given"": """", ""author_4_family"": """", ""author_4_given"": """", ""editor_0_given"": """", ""editor_0_family"": """", ""issued_date_parts_0_1"": """", ""editor_1_family"": """", ""editor_1_given"": """", ""photo"": """"}"
reference-958,Who needs social networking? An empirical enquiry into the capability of Facebook to meet human needs and satisfaction with life.,D Houghton; A Pressey; D Istanbulluoglu,2020,2020,Journal article,,,Articles and Chapters,,"Computers in Human Behavior,",,https://doi.org/10.1016/j.chb.2019.09.029,106153.,104,,,,,Reference details recovered,"{""author_0_family"": ""Houghton"", ""author_0_given"": ""D"", ""issued_date_parts_0_0"": ""2020"", ""title"": ""Who needs social networking? An empirical enquiry into the capability of Facebook to meet human needs and satisfaction with life."", ""type"": ""article-journal"", ""journal"": ""Computers in Human Behavior,"", ""volume"": ""104"", ""issue"": """", ""page"": ""106153."", ""edition"": """", ""in_book"": """", ""publisher"": """", ""publisher_place"": """", ""doi"": ""https://doi.org/10.1016/j.chb.2019.09.029"", ""url"": """", ""language"": """", ""author_1_family"": ""Pressey"", ""author_1_given"": ""A"", ""author_2_family"": ""Istanbulluoglu"", ""author_2_given"": ""D"", ""author_3_family"": """", ""author_3_given"": """", ""author_4_family"": """", ""author_4_given"": """", ""editor_0_given"": """", ""editor_0_family"": """", ""issued_date_parts_0_1"": """", ""editor_1_family"": """", ""editor_1_given"": """", ""photo"": """"}"
